id	first_name	last_name	email	gender	SSN	GUID
1	Evonne	Girodin	egirodin0@altervista.org	Female	504-07-4944	4581ec79-e6e6-49f5-92f3-ca46af6a8036
2	Adelaide	Looks	alooks1@alibaba.com	Female	229-52-5183	7ecc487a-aed4-4fab-b0c1-29eb3848b7f3
3	Catriona	Cattermole	ccattermole2@princeton.edu	Female	628-23-3054	72930e46-b763-4c2f-b4c2-e0edc9b89076
4	Venita	Cawood	vcawood3@vk.com	Female	717-06-7578	a96ddd3b-145c-478a-a5ea-842c9ea93f3c
5	Ardra	Bryer	abryer4@earthlink.net	Female	862-64-2580	2d985826-2a23-4531-a52b-88e12b8f0e03
6	Gleda	Skillern	gskillern5@example.com	Female	313-38-4897	b4fb75bb-18bf-499d-bb79-0331768bc47a
7	Nettie	Konig	nkonig6@amazon.de	Female	501-77-7376	d6899156-c759-4680-9e33-d5004de1b586
8	Bryon	Downing	bdowning7@blogspot.com	Male	384-50-6713	37b8ca7a-2ac6-458b-b6e4-723fdbaaf704
9	Pierce	Bradnick	pbradnick8@blinklist.com	Male	561-82-4375	abaaa102-b2cf-415d-aee6-0985849a354e
10	Cyndy	Alabone	calabone9@aboutads.info	Female	546-82-1019	d8908a95-ce20-477b-9ca1-2f0c5f24f0c7
11	Raynor	Polini	rpolinia@vkontakte.ru	Male	476-66-3815	12e4d9de-d533-4655-8df6-e228e224b96c
12	Benedetta	Fullalove	bfullaloveb@foxnews.com	Female	497-95-0605	b50282d0-05d6-471a-b9bd-b214858f9f0c
13	Lainey	Perford	lperfordc@mysql.com	Female	361-51-7231	f757ba5b-f57a-47f1-9d63-cc93223873cd
14	Deva	Craigg	dcraiggd@nih.gov	Female	116-99-4690	d947c249-4989-4d9b-9ee0-f8528d704227
15	Osborne	Itzcovichch	oitzcovichche@stumbleupon.com	Male	160-03-9041	fa98e6b4-7fec-4f65-9b3d-f972a7b521a0
16	Robinson	Thalmann	rthalmannf@studiopress.com	Male	267-90-2064	a881b532-f60a-497d-94e5-7f4861c95f5a
17	Leonie	Pattlel	lpattlelg@lulu.com	Female	563-37-0316	e1eebec5-ece1-4f37-b8d6-999075b43965
18	Sayre	Wrintmore	swrintmoreh@t-online.de	Female	269-01-6538	f185b80a-d7c2-4ce5-b6ac-306e17630d2a
19	Colman	Veltman	cveltmani@discovery.com	Male	166-06-9661	db294533-e96c-449a-84aa-af0178b79d86
20	Mag	Championnet	mchampionnetj@harvard.edu	Female	375-09-4938	70d05a78-d252-4222-8092-5eee10ed6841
21	Isaac	Yersin	iyersink@ed.gov	Male	897-90-6715	e5013547-06c7-42be-8b54-059a36d092b3
22	Marni	Aronson	maronsonl@cocolog-nifty.com	Female	340-06-0844	c94627c2-b7a1-4329-a6c5-cb7c2fffa671
23	Gardiner	O'Shields	goshieldsm@jimdo.com	Male	614-71-3513	6bc73383-7f9c-453a-ab57-6ffc19178be3
24	Tamiko	Jaxon	tjaxonn@cargocollective.com	Female	810-82-6684	e21e2065-fa08-48c9-97a8-ed2d1bac999b
25	Debby	Corsan	dcorsano@hubpages.com	Female	516-62-4178	774df452-946a-4eea-ba16-82116125042a
26	Melli	Theuff	mtheuffp@icq.com	Female	251-76-6722	89e5000f-1c47-4c1c-895a-1c859e73fec4
27	Mavis	Muldrew	mmuldrewq@sphinn.com	Female	407-79-1927	99f46090-461f-4a5c-88b2-1801bf61fd01
28	Neala	Sissland	nsisslandr@stumbleupon.com	Female	489-91-8339	d175a071-bde0-4934-b501-dc1766f0a431
29	Geordie	Hows	ghowss@ebay.co.uk	Male	202-41-0189	9bb50572-bab5-4c9e-a671-0aefdae280c3
30	Twila	Kleinstub	tkleinstubt@microsoft.com	Female	347-35-7476	dcd4269c-0f65-459f-a3c3-772a6e3b480b
31	Gabey	Blunt	gbluntu@booking.com	Female	628-35-1114	5fdf624b-9471-4c90-ada7-4625c9a1a9b1
32	Mose	Woollcott	mwoollcottv@thetimes.co.uk	Male	497-13-2209	ac064b65-b684-4105-860d-98cfba9f3654
33	Shaw	Droogan	sdrooganw@flavors.me	Male	695-32-6194	1f1e55c3-be5a-4427-aba9-f7415c63b47e
34	Fey	Cescoti	fcescotix@studiopress.com	Female	441-12-4669	922aadd5-920c-477e-a1f2-772864be6243
35	Heath	Buckell	hbuckelly@unc.edu	Female	463-47-5486	52aad4b0-6365-46ef-ade0-eab28d6b0895
36	Arabel	Fairbridge	afairbridgez@cmu.edu	Female	568-17-9671	ac31d873-9c55-4f79-bfef-35b0e6cee330
37	Clarette	Leyden	cleyden10@ifeng.com	Female	862-04-3169	b9475aef-e2cc-4a80-8808-53019ebe3fc9
38	Essa	Alfonsetto	ealfonsetto11@scribd.com	Female	162-04-9793	c568a059-12b8-4e5a-8728-73ecb13fa4d3
39	Buckie	Follet	bfollet12@surveymonkey.com	Male	663-17-4831	fa180de3-4769-40f4-968f-bb4a07690686
40	Marjie	Briant	mbriant13@cnet.com	Female	706-94-7891	3ba10251-5e48-4f6c-bf02-4005e6e269ad
41	Dulcie	Van Daalen	dvandaalen14@mac.com	Female	220-11-1441	986f084d-2c8b-4697-8978-e1d9b5af37b8
42	Guido	Stourton	gstourton15@addthis.com	Male	281-34-2303	a77e39a3-455f-4892-9c5f-2c5ae06261d5
43	Nikolas	Druitt	ndruitt16@mlb.com	Male	778-62-6827	16041d3d-3649-481b-9b78-4104d69ffe38
44	Bale	Halleybone	bhalleybone17@free.fr	Male	739-58-6843	56b1d162-1daa-426f-96c1-7432e3f342a1
45	Stacee	Norster	snorster18@yelp.com	Male	188-44-1895	9ad5e75c-3eb8-4b60-8b30-d3c735bc733f
46	Jackqueline	Belin	jbelin19@google.com.au	Female	510-70-2652	74d14d78-e6e8-4c57-9620-5a2656d3155c
47	Melodie	Moxon	mmoxon1a@salon.com	Female	554-73-8216	ac27d414-b84e-4e25-9e98-1c53ed5e6771
48	Ardenia	Tommasuzzi	atommasuzzi1b@sogou.com	Female	599-62-5107	509d17e4-a34e-4de1-b5fa-1db0b9c4e98a
49	Pincus	Turneux	pturneux1c@twitpic.com	Male	330-80-6773	9d45b07e-4562-48c3-8789-a36ad54ca64f
50	Dalia	Rembrant	drembrant1d@sina.com.cn	Female	504-16-3364	1ca1cca5-d49d-485e-a397-ddad5d1703a1
51	Bear	Ruzic	bruzic1e@dailymotion.com	Male	852-91-2297	e34ae211-893f-4b2f-8ff5-5c37fdd9efd0
52	Ivory	MacMichael	imacmichael1f@google.fr	Female	563-48-2344	9b1c93be-3073-4b06-bf73-03e8583e061d
53	Valle	McGeneay	vmcgeneay1g@deviantart.com	Male	813-86-4194	fa779bcb-fdc3-432d-9b8e-afef8c905d48
54	Eda	Yoseloff	eyoseloff1h@dailymail.co.uk	Female	366-09-5202	2e02c0de-cf21-41a1-8222-9697b23eec86
55	Whitaker	Kropp	wkropp1i@hubpages.com	Male	672-42-2112	4f91a187-2937-478a-a798-85ed17a2bbc7
56	Tyne	Assender	tassender1j@webeden.co.uk	Female	116-95-9321	28ea5a79-2461-4609-927f-bd5f38387ec3
57	Gabie	Haycox	ghaycox1k@seattletimes.com	Male	179-58-7174	c04d3ef7-63ce-4e5e-b01a-50755510a418
58	Hadrian	Suddards	hsuddards1l@wix.com	Male	533-79-3074	822a9aad-634e-4316-95cc-2d6a839a0018
59	Timothee	Oppy	toppy1m@samsung.com	Male	522-40-1781	1642126a-f2e7-4fcc-93c3-08df7b2c1655
60	Sari	Keems	skeems1n@sphinn.com	Female	468-89-3974	31bbb642-265a-4286-b558-6079317525d3
61	Maryann	Smelley	msmelley1o@tumblr.com	Female	875-31-9066	0b9ac418-f83e-4db6-9f2b-55fcf5a99bce
62	Odie	Pickover	opickover1p@symantec.com	Male	728-56-6986	64b78138-9d5b-40a2-9913-c8bb06a43c64
63	Massimo	Tubridy	mtubridy1q@bizjournals.com	Male	119-33-5705	852eeef6-f802-4510-a531-be585587167e
64	Noby	Dmitriev	ndmitriev1r@nydailynews.com	Male	216-40-2741	b48b0fbc-aa61-412b-b141-967f91c1e671
65	Cordelie	Killwick	ckillwick1s@aol.com	Female	627-20-6289	c7fa5360-9120-4c23-bc2b-0b72122e216c
66	Becky	Doram	bdoram1t@bandcamp.com	Female	798-76-2299	6d005907-c9d8-44d5-9e07-981826996141
67	Roxane	Tulley	rtulley1u@vkontakte.ru	Female	728-03-8429	e5577fd6-32b7-43b6-8d6b-77268dea31c2
68	Mead	Luebbert	mluebbert1v@google.es	Male	881-05-3434	c5b42961-169e-4ba2-8a08-ddf5cbccc09e
69	Kennan	Taggart	ktaggart1w@alexa.com	Male	500-56-1832	d6a36471-09df-4a41-90cb-62fca8649557
70	Carr	Mundie	cmundie1x@google.es	Male	322-53-5067	7c36fff1-5505-4184-8449-f08cdb3d20f4
71	Harmonia	Matusevich	hmatusevich1y@comcast.net	Female	138-62-2778	59cc60e2-8730-4090-a83c-75700b7a8608
72	Mort	Dabel	mdabel1z@surveymonkey.com	Male	744-93-0996	ff5c02be-a271-4b41-ad6d-227ebf118481
73	Joyann	Blackadder	jblackadder20@ox.ac.uk	Female	883-53-9333	5e2870f7-9d03-4c3b-91d5-289b955911ec
74	Simmonds	Burberye	sburberye21@cam.ac.uk	Male	571-46-4391	acc1541a-5f15-463e-8189-05f7fd7bd947
75	Cully	Abella	cabella22@instagram.com	Male	291-10-4956	d405cf8f-2e67-4edf-be9b-9474062bf1cc
76	Ramsey	Duffett	rduffett23@blogspot.com	Male	129-31-5765	be1a687e-7220-4ad6-a274-92f7306c93cf
77	Collen	Pinnocke	cpinnocke24@posterous.com	Female	691-85-4162	dfc371c6-efaf-4e90-b5f3-cdc2ebede3ed
78	Riordan	Skelhorn	rskelhorn25@google.co.jp	Male	555-23-8649	31605936-cc71-49ac-bd52-3742b0b06534
79	Mikol	Iannelli	miannelli26@yellowbook.com	Male	470-71-6692	46708a14-4d15-49bb-9b38-8d75d5e52ee3
80	Zachary	Beckitt	zbeckitt27@disqus.com	Male	158-29-7721	e2f251f3-a3b1-4c44-8a6c-9d9e2d2bab40
81	Brandy	Vasishchev	bvasishchev28@disqus.com	Male	892-83-9422	d6398f7c-8b1d-4690-a9aa-6d40525136d1
82	Chicky	Waller	cwaller29@un.org	Female	441-38-9496	67924bd0-5940-4631-acd9-09003eafcf96
83	Natka	Golds	ngolds2a@paypal.com	Female	745-39-6835	2ade5ae1-677f-42c3-9a5e-3d8a64c01430
84	Jacenta	Scroxton	jscroxton2b@digg.com	Female	523-09-9944	57c6bf0b-4322-41ac-be60-3ba1a85c3e7c
85	Smitty	Fairbourn	sfairbourn2c@redcross.org	Male	289-44-2314	6d0c4002-1c61-4e79-aefd-86556939223d
86	Ame	Troup	atroup2d@mozilla.org	Female	242-33-4036	048bbc9f-0190-490f-8ed5-2b679a8a8589
87	Alphard	Brashier	abrashier2e@php.net	Male	871-77-6986	de870d2e-7118-431a-9964-2e20e400a94e
88	Alon	Glashby	aglashby2f@xinhuanet.com	Male	877-54-0391	3cab0d6b-7df6-4e76-b586-0728bf4fe975
89	Marietta	Luca	mluca2g@china.com.cn	Male	535-86-8714	56d4a1de-9a0e-400d-b728-1d029d84c8b4
90	Merrielle	Ritmeyer	mritmeyer2h@ifeng.com	Female	381-39-1643	05e12ae1-e8ac-48f2-9492-c1b2288f0f3f
91	Courtney	Dallow	cdallow2i@typepad.com	Male	846-45-3491	a9d295a6-5e19-404b-a584-d98efc74a3cd
92	Windham	Timson	wtimson2j@desdev.cn	Male	786-65-1909	eaa3b7ec-7af2-448c-967a-d323ead137a6
93	Ettore	Espinosa	eespinosa2k@miibeian.gov.cn	Male	287-16-2915	7c02446f-ee6a-4b14-ac74-c9f221a46bf9
94	Caressa	Leuchars	cleuchars2l@flickr.com	Female	360-34-2197	28d12024-5e74-483d-9729-fe7b3f55eea9
95	Roarke	Petteford	rpetteford2m@amazonaws.com	Male	288-79-3510	a23d098a-a3e1-4748-979e-17e3da8f21fa
96	Angele	Willshear	awillshear2n@naver.com	Female	556-53-1294	84506e0f-a3ee-4419-9f4d-2b256346d542
97	Estelle	Kirley	ekirley2o@thetimes.co.uk	Female	405-11-0290	0f6fa1a7-bb98-451f-b137-90f2c49e953b
98	Lou	Nisen	lnisen2p@mashable.com	Male	805-87-5082	55952ced-812c-4b06-9a8f-092e715be153
99	Goldy	Caudell	gcaudell2q@pcworld.com	Female	343-96-8009	cee12337-cc84-4f2d-941c-e556aef97f5a
100	Leontine	Hallin	lhallin2r@ocn.ne.jp	Female	400-98-7837	0193fb77-2bb2-42dd-8756-a3c5131defe2
101	Morry	Girodias	mgirodias2s@shutterfly.com	Male	830-64-9450	ddfbf404-f5b3-4108-a51d-51bfdfe34dbc
102	Bill	Ormiston	bormiston2t@dailymail.co.uk	Female	724-84-0408	91c000e5-fc42-4bb0-b91f-3791427fe39b
103	Dora	Bremner	dbremner2u@ow.ly	Female	581-16-3660	f979d4aa-8c9c-46a8-9743-90578f2c17b0
104	Tiffanie	Matys	tmatys2v@exblog.jp	Female	699-70-8485	51d40f22-917e-44d8-bd0d-ae78756bed4d
105	Adams	Roly	aroly2w@furl.net	Male	519-52-7170	ba5e77d2-a780-4878-86d7-1a5b278edc25
106	Daven	Gerckens	dgerckens2x@reference.com	Male	248-33-4363	62af03e0-796c-467e-a44a-ddf9a6f722d1
107	Kettie	Lambis	klambis2y@cdbaby.com	Female	111-72-8121	df86aef5-9e0f-45f8-b501-75261c1708fc
108	Jude	Scholtz	jscholtz2z@cornell.edu	Male	118-69-2089	6ad59cf5-1864-488f-abe7-123f04c1508b
109	Camel	Jepps	cjepps30@xing.com	Female	373-52-1175	44b491a3-1949-45d3-8135-d5b4a1c32336
110	Matthias	Fetherby	mfetherby31@edublogs.org	Male	715-04-1822	53ebac9a-2247-46ba-b1dd-e5483c557b1c
111	Damaris	Wankel	dwankel32@census.gov	Female	319-17-7819	aa33fa42-7a70-4373-8088-9ca1a7d531cf
112	Blair	Spacy	bspacy33@weather.com	Female	153-94-9296	32805a04-e764-48a8-add8-5c5763ac1965
113	Cordy	Witnall	cwitnall34@cnbc.com	Male	632-54-4062	ab2ee79b-0878-4870-bb06-d20cf70aed1f
114	Haleigh	Lawton	hlawton35@ed.gov	Male	342-94-3420	ab7416ca-fcb0-4285-9474-b11a107ccd42
115	Katrina	MacCathay	kmaccathay36@answers.com	Female	820-30-9727	5c8e6adc-4a40-4119-920c-7b0116150805
116	Boonie	Liccardi	bliccardi37@addthis.com	Male	385-24-0492	d3cbdedf-dbb8-41a5-b80b-904a4ecda452
117	Dore	O'Hone	dohone38@opensource.org	Female	188-79-5137	06981703-cc70-4d26-b101-54a917597967
118	Udale	Hunnicutt	uhunnicutt39@wix.com	Male	190-42-4845	3ab6e986-1c47-424a-b400-94a1529d1d10
119	Floyd	Ashforth	fashforth3a@yandex.ru	Male	246-08-7368	19efee05-21bc-408f-8008-33f529f4cfde
120	Louisa	Jonsson	ljonsson3b@instagram.com	Female	821-29-1816	8f13260e-0c9c-471e-bfc2-ff1a3cf302e1
121	Elianore	Newbury	enewbury3c@drupal.org	Female	778-61-6013	9a29621c-6456-468a-95bf-11af63e52bbe
122	Honey	Buncom	hbuncom3d@nytimes.com	Female	237-22-7337	306f23db-2fa2-488f-8105-cf6038452ca7
123	Andy	Sams	asams3e@vk.com	Female	541-99-4366	5af90d0c-d17c-44a8-897a-992aee289738
124	Lynna	Cranefield	lcranefield3f@ucla.edu	Female	129-85-9442	1c84f39d-16ae-4106-bdcb-1e842941f2c7
125	Ingram	Morson	imorson3g@purevolume.com	Male	310-03-3652	56b24c63-6d12-4722-964e-b26ebd6c1678
126	Roderich	Stowte	rstowte3h@godaddy.com	Male	389-58-7409	fc17bae7-255c-4af8-95f3-93a873148aa4
127	Jobyna	Dallison	jdallison3i@salon.com	Female	664-82-2633	3916f314-8657-48c2-a597-2bdaf079aa90
128	Sabrina	Tilston	stilston3j@wikispaces.com	Female	793-86-1531	53441b57-f59a-4777-b31f-47c4265169e5
129	Dorine	Jakubovski	djakubovski3k@feedburner.com	Female	446-36-5776	93d4b3cc-1d63-40d4-9cd2-48642685466e
130	Arden	Crampsy	acrampsy3l@hibu.com	Female	649-68-7133	3ecd063d-c12d-490a-a94b-c1446b1d5771
131	Gelya	Spinas	gspinas3m@github.com	Female	620-60-2690	3f001e2b-dd0c-44d6-a509-a5e021bc7e97
132	Violante	Eminson	veminson3n@twitter.com	Female	378-11-5677	d382076a-a0af-420f-9ba8-70043bc9f5a7
133	Carlynn	Ladon	cladon3o@umn.edu	Female	377-01-9339	e114e514-6fe3-4078-b243-5d53b108ba95
134	Griff	Mallion	gmallion3p@illinois.edu	Male	175-68-9934	74410238-65a5-4be3-81b1-363ea5d64563
135	Louisette	Schoffler	lschoffler3q@who.int	Female	853-54-7426	0e3db085-1339-492b-8893-f98574ad81fe
136	Anna	Birkby	abirkby3r@typepad.com	Female	523-59-3409	42e4b6dc-7ba1-402a-98b4-d709926201a8
137	Tiffani	Compford	tcompford3s@craigslist.org	Female	196-78-4836	7764b36d-6eb2-40ad-8010-b3866e03f828
138	Cesya	Heys	cheys3t@ezinearticles.com	Female	496-38-1449	a5b9a260-bb80-465a-b2e4-4353003c7fa4
139	Mallory	Conti	mconti3u@tinypic.com	Male	629-70-0615	29c6aae7-f43e-4f5c-97aa-2f3dea930457
140	Lacey	Siddon	lsiddon3v@freewebs.com	Female	423-51-0906	bb8e51fb-e263-43af-bd4e-5c6efb98501a
141	Doretta	Gilhespy	dgilhespy3w@amazonaws.com	Female	242-47-8086	450f1db5-428d-4f2c-9d30-7a175ba7a3be
142	Sophie	Simoni	ssimoni3x@seattletimes.com	Female	364-25-6712	f33c25c4-3124-4cef-b5e1-313c7c953e12
143	Christoper	Tomczak	ctomczak3y@desdev.cn	Male	268-75-2464	a83019a7-71ce-492b-a680-20ad46bd0423
144	Homere	Knowller	hknowller3z@google.com.au	Male	364-57-8035	7e4e0cf2-fbad-4c9f-a1cf-27df9646ad11
145	Erv	Casbon	ecasbon40@ftc.gov	Male	442-04-9374	8a58ca44-aea9-485b-90f4-64b218944a76
146	Harriett	Meardon	hmeardon41@youku.com	Female	305-23-8126	0f73662f-a152-4528-90a1-35c262b205f2
147	Early	Verbeek	everbeek42@cmu.edu	Male	150-75-5991	43720731-d2dd-4cb0-a51f-3bb7c3dd389e
148	Merrill	Pusill	mpusill43@indiegogo.com	Female	337-32-3618	527d0a9a-f572-4841-b9e0-5c19e3cda84d
149	Baily	Rotlauf	brotlauf44@vkontakte.ru	Male	448-57-5189	e8ad973b-6abe-4ee5-9ca0-09302a62ee87
150	Marinna	Tukely	mtukely45@alexa.com	Female	799-05-4197	225e9e26-54de-48b5-9848-a9714c2d5c46
151	Pedro	Kopta	pkopta46@trellian.com	Male	463-80-8805	db4ef49e-3ac0-4348-97f6-fa4fc7b8e2f3
152	Donnamarie	Clemendot	dclemendot47@miibeian.gov.cn	Female	548-23-6815	4752a6b9-40ec-45f9-a4aa-b500df4dd30b
153	Vevay	Deboick	vdeboick48@opensource.org	Female	625-14-4814	51813a26-c2f3-4984-b0c4-4e838780e74d
154	Dorolisa	Dymoke	ddymoke49@google.it	Female	535-89-3223	a0543f96-c92a-45b9-9f28-6bd318a48f66
155	Nanci	Canepe	ncanepe4a@dyndns.org	Female	665-80-3335	1c1c1d1d-6b86-4e37-9410-7b49ddf0edad
156	Philbert	Crinion	pcrinion4b@cdc.gov	Male	699-21-9593	c89e4b9e-06a0-4d69-bbfa-39e0eaa39e92
157	Rafa	Cawthry	rcawthry4c@pen.io	Female	440-94-6982	93883aef-0201-4d77-8b76-22b49c030545
158	Mari	Meaking	mmeaking4d@berkeley.edu	Female	393-55-1030	86fbb781-2f41-4075-87a6-fa508618bd39
159	Husain	Schoroder	hschoroder4e@weebly.com	Male	811-98-4193	cb9cceb7-0b9f-4b08-a547-099973b02db3
160	Hyacintha	Rabjohns	hrabjohns4f@discuz.net	Female	240-28-4023	37e129c5-dd86-46e7-a1c1-fc0a791a06c5
161	Dugald	Androsik	dandrosik4g@miibeian.gov.cn	Male	871-65-7597	711a7d62-2fac-41cd-8930-b0bd98de94b2
162	Yoshi	Tedstone	ytedstone4h@amazon.co.uk	Female	372-54-7467	68a0ea43-9145-4cc0-9b5d-686daa8cb21e
163	Madalyn	Hellwig	mhellwig4i@whitehouse.gov	Female	802-13-6226	73411e99-7665-45d4-a5ec-3ddcf5dfd9ca
164	Ferne	Symones	fsymones4j@unicef.org	Female	195-59-5271	5daf17fa-6b63-4ffc-9775-836423861e20
165	Dacey	Brundrett	dbrundrett4k@csmonitor.com	Female	202-58-9380	65a71221-ebf2-490b-a204-f765c069d3ab
166	Normy	Dregan	ndregan4l@seesaa.net	Male	109-70-8802	cb9c3c26-23e1-4023-97b2-1b96a3892870
167	Marco	Truelove	mtruelove4m@angelfire.com	Male	842-55-6792	2e11a38f-817e-4777-84df-5e1884f33c9d
168	Germain	Beer	gbeer4n@google.com.br	Female	371-81-5595	d3b31e82-2b73-460b-bf55-b25dcb2c1d1a
169	Jacquelin	Volette	jvolette4o@state.tx.us	Female	697-79-1509	48430737-fbad-491d-a8c1-6f48c013ebcf
170	Dilly	Pardal	dpardal4p@cnn.com	Male	302-20-3926	961d0ca4-007a-4a27-b646-d4e5fe4f5dbe
171	Luigi	Kunze	lkunze4q@hostgator.com	Male	209-29-0052	3ce3840c-fb8a-4dbf-af65-bd6312e28bfb
172	Rorke	Stack	rstack4r@npr.org	Male	237-92-1217	01a28ed9-3098-4eef-bfe7-00f5c7244ff6
173	Katie	Shropsheir	kshropsheir4s@ycombinator.com	Female	686-06-6409	7e5d913b-8aaf-42e2-b2dd-6b54c919e410
174	Lyndy	Wulfinger	lwulfinger4t@msn.com	Female	855-36-4960	f3087610-a3e1-44c4-9eb1-f5c817a5020f
175	Boothe	Gleaves	bgleaves4u@mayoclinic.com	Male	281-44-1081	86a2ce33-b0da-4611-98e0-5a99821892b7
176	Roxie	Elston	relston4v@alibaba.com	Female	442-45-2246	4eebb83a-7581-4c17-b778-cfa139e005b5
177	Manya	Arsnell	marsnell4w@examiner.com	Female	691-73-2445	dad3f236-3ca2-4f7b-831e-37b4cd9e5f17
178	Abdul	Gyurkovics	agyurkovics4x@google.com.hk	Male	122-05-0585	b52da44d-a4b6-4300-893a-127cf1146e7e
179	Woodman	Bloore	wbloore4y@bandcamp.com	Male	844-07-3307	f71cce62-65fe-460c-ac52-b9a5c6e38adf
180	Neron	Zoanetti	nzoanetti4z@cyberchimps.com	Male	701-04-7375	2c40237a-9a62-4c6c-a1f4-df41ce6b16a6
181	Dermot	Elcox	delcox50@weibo.com	Male	468-04-6400	b6bd00a6-70db-4dc9-88f4-601ecbaec463
182	Angus	Christofol	achristofol51@bravesites.com	Male	438-22-5675	b46a485f-d16c-4200-924d-b1f60e2fdbcf
183	Lanny	Jovic	ljovic52@archive.org	Male	803-62-0409	302a8fbe-bc2a-4a58-b7cc-489e09f38623
184	Yanaton	Klimowski	yklimowski53@geocities.jp	Male	401-12-4559	e5f96588-74a9-46a3-9b0a-d1464fc643c7
185	Karlene	Smouten	ksmouten54@twitter.com	Female	255-55-0963	63ef5090-f7e2-4865-af93-21a07a1d524b
186	Gifford	Chipps	gchipps55@discovery.com	Male	556-04-0099	7e9795a2-117c-4846-b083-b0d78779afeb
187	Cecilius	Heinzler	cheinzler56@liveinternet.ru	Male	669-76-7546	f7470227-34a5-4a14-acf3-56537e8735ef
188	Lurleen	Aneley	laneley57@reference.com	Female	703-39-1164	0b016796-c06e-414a-8995-1cd6b6bd0996
189	Read	Eusden	reusden58@house.gov	Male	199-45-0309	54b97416-d951-4982-9650-f491bff84a34
190	Egor	Enion	eenion59@ucla.edu	Male	252-25-0294	63effa87-931a-4649-966e-07be3bd5c2e2
191	Gherardo	Kem	gkem5a@time.com	Male	186-62-0646	bc413246-5824-43cb-8f5e-0d228305bf48
192	Dehlia	Dallender	ddallender5b@fotki.com	Female	718-02-8341	26ae5319-255f-407d-b805-a86a8c7f8c6e
193	Bea	McCrudden	bmccrudden5c@sakura.ne.jp	Female	717-20-1141	6c0551c5-25c4-48b7-a246-2ee597d68ddb
194	Aurea	Kolin	akolin5d@bizjournals.com	Female	156-70-5567	c1b27e8f-20b2-488d-bd66-ac77df8f9a72
195	Veronique	Antunes	vantunes5e@cbslocal.com	Female	221-19-1304	eb1b5b71-0f29-4ac4-bda8-cd6e74d5f2f7
196	Quentin	Bowdery	qbowdery5f@plala.or.jp	Male	681-42-0069	c99b59a3-21f8-41f4-91f6-55b41714ce78
197	Loralyn	Traynor	ltraynor5g@indiatimes.com	Female	123-56-3439	f8e02058-025b-44c1-bb0b-2d9161bc597c
198	Colin	Otton	cotton5h@marriott.com	Male	852-83-2528	e4abefd9-7fb2-4ad6-9380-2a3b03826ea8
199	Dionis	Hughland	dhughland5i@aol.com	Female	189-96-4542	826d1be3-8159-4b88-8d12-cf40e610f062
200	Bowie	Grigoliis	bgrigoliis5j@clickbank.net	Male	278-69-3052	9f4a71d5-40ac-4fab-95d4-abfa181a51e3
201	Nicolas	Browning	nbrowning5k@about.me	Male	655-74-0117	9fbffb6d-05da-4a9d-a73a-5a745d6eaaba
202	Lorrie	Andrassy	landrassy5l@joomla.org	Female	801-44-2689	2eb0ba4f-eef7-4f63-a84a-6f4d8bf546e9
203	Hakim	Alphege	halphege5m@state.tx.us	Male	863-37-6307	0af9fdaf-95c4-49fb-88df-7f2cf3ff17ae
204	Rickert	Silverlock	rsilverlock5n@w3.org	Male	794-20-0514	151093f0-d7d3-4df5-8f70-9701761a096f
205	Lennard	Gass	lgass5o@mozilla.com	Male	854-96-1161	fb110bf7-d9bd-49bb-b13d-87f884b920b7
206	Amble	Cortin	acortin5p@instagram.com	Male	304-85-0626	83e62af3-60da-4252-9bbd-83cb243a260e
207	Weider	Ashpole	washpole5q@loc.gov	Male	120-55-5328	efddd905-360c-4fca-8de3-4a79f29cff1a
208	Imelda	Exeter	iexeter5r@example.com	Female	835-04-1546	0c660239-b393-4802-8780-e05684f4ec6c
209	Owen	Dumberrill	odumberrill5s@adobe.com	Male	564-10-3614	29f59a1b-f5f4-4648-9790-80ea34a31ec9
210	Tammy	Rowthorne	trowthorne5t@drupal.org	Female	205-51-4195	df3487ce-cf04-477c-a584-34eccf34bd3f
211	Shayne	Matthewson	smatthewson5u@globo.com	Male	109-42-0298	038b106d-6098-43b3-aaa4-ec96883e588c
212	Elicia	Schohier	eschohier5v@theglobeandmail.com	Female	380-74-1525	2e5345cd-086c-4f36-bcaa-90b55b606d38
213	Con	Thurlbourne	cthurlbourne5w@xing.com	Female	336-72-8718	10198710-7617-4ba0-a089-51657bc2f8d2
214	Lexis	Stanion	lstanion5x@domainmarket.com	Female	639-54-1052	7f568f92-a6f4-4bc5-bacd-377e6b426b52
215	Piper	Thomassin	pthomassin5y@nature.com	Female	238-68-9421	b2cc758f-ec67-416a-896e-372948e157c5
216	Nikolia	Dulieu	ndulieu5z@time.com	Female	373-98-0307	845442f5-3df5-41c2-897f-aca33f3284ca
217	Edouard	Perrygo	eperrygo60@army.mil	Male	139-49-5241	3e4bb40c-e879-42b0-a688-6f0b04686c7d
218	Lewiss	Hestrop	lhestrop61@icio.us	Male	529-37-9755	e293f7e2-e99b-4361-b6f6-2487f77081e3
219	Mylo	Riseborough	mriseborough62@nsw.gov.au	Male	681-56-5384	727b530a-925a-4c39-8958-2bb3fd930a50
220	Tilly	Fenn	tfenn63@about.me	Female	595-19-8109	284097e4-9410-41f2-819c-5f9800c9fbff
221	Maryjo	Crossby	mcrossby64@ustream.tv	Female	878-28-4906	a9cdbc3d-5e0c-4d4a-afe0-03634ca94be4
222	Marjy	Linturn	mlinturn65@mlb.com	Female	469-07-3787	4e3f39d5-94d0-42d6-a98b-a3d9e34ae8ea
223	Flem	Sennett	fsennett66@wisc.edu	Male	677-17-7077	8906dca8-2464-40a0-a75d-7e29f3ba3421
224	Maryjo	Jakubczyk	mjakubczyk67@answers.com	Female	708-52-4743	9e11b368-bfa9-4200-9ef2-f0fd61f24995
225	Shellie	Mangion	smangion68@naver.com	Female	771-63-9039	ccb22d70-2f35-4110-ae63-cf0111259286
226	Phil	Albasini	palbasini69@gravatar.com	Female	803-67-5741	01d761d7-1217-44f6-8662-944a65d1002f
227	Carny	Clelland	cclelland6a@archive.org	Male	680-56-7919	a9fe158b-e887-4b35-af28-2d200c994b4f
228	Giustino	Poynter	gpoynter6b@ted.com	Male	274-79-6679	d092aa00-a3de-4b74-b904-fdda227ec35a
229	Jillene	Gye	jgye6c@apple.com	Female	557-18-4882	5e9ba374-2db8-419f-95db-3e6c20bfc314
230	Nicol	Jamrowicz	njamrowicz6d@comcast.net	Female	247-82-7101	a6b4537b-7491-4d6e-9477-88f0c1168a0e
231	Bobbye	Bendig	bbendig6e@spotify.com	Female	582-34-3716	ce87117e-30cc-4e01-a7c4-305dc7976a62
232	Kalle	Splevings	ksplevings6f@jigsy.com	Male	290-98-9815	b90bc122-e135-4716-9cfa-4e593a782083
233	Ludwig	Mayhou	lmayhou6g@arstechnica.com	Male	526-52-6296	4e5c335f-e4d3-4610-a199-2b3925801d84
234	Sherri	Rulten	srulten6h@baidu.com	Female	718-14-4353	5b415daa-a467-434f-8de9-5a6e65e915f3
235	Mufi	Tether	mtether6i@cbsnews.com	Female	174-26-6823	c6259dc2-a372-47ca-be68-590e086a1d87
236	Jecho	Licence	jlicence6j@slashdot.org	Male	440-20-5297	24bed50c-17ad-4579-8b71-a8bca4b36b9e
237	Caro	Nendick	cnendick6k@weather.com	Female	784-80-3397	352e9970-7495-405f-80d6-389b8052ef5a
238	Derrek	Coverdill	dcoverdill6l@twitter.com	Male	205-32-4827	2b12da91-11a3-40d6-acc8-14afdd30a75e
239	Noami	Kintzel	nkintzel6m@jalbum.net	Female	762-17-8480	100ff2c6-1d32-45f4-aeff-f5aa51f5d8f9
240	Buck	Maudsley	bmaudsley6n@statcounter.com	Male	703-46-7141	0965fa4c-54ba-4c70-9352-012cc48b4428
241	Carroll	Meas	cmeas6o@usa.gov	Male	839-36-8083	82a415cb-a1fc-4081-8418-334c7d84c8d6
242	Garth	Kenningham	gkenningham6p@army.mil	Male	471-59-1432	66ef44f8-23b1-4e4c-be7d-0970bb9eeaf2
243	Westley	Bollum	wbollum6q@is.gd	Male	274-72-6701	7ca6474d-9eff-41d0-a710-af24df78fa36
244	Raymund	Mourton	rmourton6r@pagesperso-orange.fr	Male	230-27-4611	9b6a94a8-6d66-4cfb-af74-ba5b1a330a39
245	Teador	Reeks	treeks6s@lulu.com	Male	105-45-6283	5ab04404-1c18-4524-839c-722180b79af8
246	Veda	Powelee	vpowelee6t@imdb.com	Female	871-48-2717	966f63ae-58f1-474c-ace8-2d1968f78434
247	Kippar	Arguile	karguile6u@geocities.jp	Male	432-96-1011	2fc1bb88-1a73-406e-803c-0ba49133529b
248	Carlita	Headon	cheadon6v@ezinearticles.com	Female	205-28-0176	a03604d2-190a-433c-b9c2-779843b6e9a6
249	Araldo	Lygo	alygo6w@theguardian.com	Male	560-61-8950	05ad63f1-0540-414f-8d99-a50f2e0a457e
250	Alfonse	Lucchi	alucchi6x@linkedin.com	Male	530-75-4661	e0044870-3189-47b4-972c-15ef08e59064
251	Wash	Mattioni	wmattioni6y@nifty.com	Male	222-03-9552	bc919f2c-1cf6-41eb-a02d-4a918bc18013
252	Shadow	Ramsier	sramsier6z@nydailynews.com	Male	524-79-9547	cc832514-987f-46ba-bf75-a38c712eca3e
253	Doralynn	Bruckman	dbruckman70@edublogs.org	Female	439-51-6894	faceb9e4-be92-4dbf-9448-759d61373568
254	Vladimir	Hanretty	vhanretty71@i2i.jp	Male	401-75-8891	635f9ac6-a474-44fd-a0b5-99143f40a6c6
255	Tymothy	Athridge	tathridge72@yellowbook.com	Male	316-84-0542	1b7768f6-09ff-497d-a7fc-88b150d13616
256	Sharona	Ackwood	sackwood73@diigo.com	Female	209-61-9553	bb81b038-9021-4979-af13-1a173ea4110e
257	Markus	Shannon	mshannon74@time.com	Male	751-87-6386	ee73694e-2fcb-43f1-848a-a1796ba3c58c
258	Zeke	Maudlen	zmaudlen75@uiuc.edu	Male	805-22-3888	4bee80be-bf60-4180-bdc4-26282d9639f8
259	Norton	Newbold	nnewbold76@newsvine.com	Male	704-28-4200	ace857b7-1964-4d96-bea8-58562210500d
260	Anne-corinne	Hairsine	ahairsine77@myspace.com	Female	105-27-5209	8de572af-a38b-4cf3-ba47-f66ace11f264
261	Leeanne	O'Calleran	localleran78@ustream.tv	Female	625-85-7615	38377fde-fdee-4099-9de0-d2cf4e73891f
262	Dilan	Snodin	dsnodin79@hp.com	Male	249-13-6412	518303b8-c720-4eb5-8658-55b9ede2010c
263	Yulma	Sunderland	ysunderland7a@stumbleupon.com	Male	848-78-2007	d5d76c00-d087-47e6-a5ad-9a3d54f367b8
264	Burr	Salack	bsalack7b@barnesandnoble.com	Male	359-64-2330	e07186e0-2632-4897-b4b7-588e7c07d819
265	Olive	Arrandale	oarrandale7c@printfriendly.com	Female	836-73-1418	f3c8388e-e5ab-4c39-9dae-9351908b9dca
266	Yance	Crosoer	ycrosoer7d@youtube.com	Male	293-87-4831	ca1e77d7-5bfa-4d13-95ab-5c8acfa25006
267	Lib	Voden	lvoden7e@google.nl	Female	700-52-3328	bb6f171f-87c3-4a22-b04e-df852c869820
268	Mitzi	Spradbery	mspradbery7f@wired.com	Female	399-61-1316	b0f8efa1-1e57-4b43-8962-95a28d906427
269	Sawyer	Bielby	sbielby7g@umn.edu	Male	306-55-8664	f176e0ef-3a31-4c1c-b4d0-8ed90f4e4492
270	Zeke	Mardall	zmardall7h@webs.com	Male	243-90-1569	9f77f63a-478c-423d-80e5-b7d3bfbf6af7
271	Paddie	Pegler	ppegler7i@domainmarket.com	Male	445-99-8446	1dc9c521-9ca8-4f74-91c8-f0a9bf76f025
272	Allen	Bringloe	abringloe7j@msu.edu	Male	292-13-8022	5cd7a6dd-f9da-4c3d-ab27-f16aef301e8d
273	Gerardo	Dubois	gdubois7k@slate.com	Male	329-89-7809	ac48853b-33aa-4951-b6d6-833421187b03
274	Moria	Zoppie	mzoppie7l@toplist.cz	Female	344-46-6207	39212678-fb27-4b74-93a8-e4ea0337284d
275	Schuyler	Thomassen	sthomassen7m@senate.gov	Male	199-14-2626	a02859b0-ae14-4cc9-8663-a3d310621803
276	Olivier	Cornell	ocornell7n@eventbrite.com	Male	731-58-0532	566751c3-b375-4474-8b02-b938a6148434
277	Terese	Methuen	tmethuen7o@ezinearticles.com	Female	151-74-3113	d2b18e0a-ee06-4f07-8efa-c8f76160440f
278	Tallie	McKevitt	tmckevitt7p@adobe.com	Female	595-14-9998	a8f63366-ee5b-4974-8720-eac71270f50a
279	Marnia	Alexsandrowicz	malexsandrowicz7q@pinterest.com	Female	347-46-4276	bf7c9782-3c9e-4e02-8d7a-54faa2e10c8d
280	Sileas	Segoe	ssegoe7r@gov.uk	Female	670-58-0948	d155f77b-8a39-4102-bf15-f6065d59e1c4
281	Zolly	Bloxham	zbloxham7s@virginia.edu	Male	519-23-2203	ebf3ada2-8f69-447b-acf7-6aaa398f72f1
282	Nessi	Ferraron	nferraron7t@live.com	Female	191-53-3116	18dc4699-cfa2-4101-9415-d0b7c588b783
283	Neddie	Thomason	nthomason7u@ow.ly	Male	706-24-2563	38367db1-6600-4c09-b4ea-176c75bab4b2
284	Prent	Gresswell	pgresswell7v@phpbb.com	Male	588-19-1374	f43c83f4-b544-443a-a264-0aafb455c170
285	Di	Bodham	dbodham7w@google.co.uk	Female	762-63-3121	af65b054-5c73-44ae-be75-b6fe9229b323
286	Tamma	Irwin	tirwin7x@oakley.com	Female	117-80-8307	842d819a-d931-4df8-9a17-789bdee58822
287	Antonin	Meddows	ameddows7y@google.cn	Male	551-82-2999	29bab628-bfd6-4403-b1b5-35b67a1556af
288	Carmelita	Shinefield	cshinefield7z@hexun.com	Female	383-96-8032	7ec3f15e-caa7-4f41-be47-66828a8732b5
289	Wit	Harkus	wharkus80@state.tx.us	Male	331-33-7789	88a1ed3c-d67c-4f88-a4a2-a8bf6394bb54
290	Loren	Jerrolt	ljerrolt81@digg.com	Male	413-63-7364	66700c40-a7de-4b70-aa09-b78563bc76b3
291	Hinze	Desport	hdesport82@netvibes.com	Male	382-88-2548	8fe0c9b8-2b38-4141-b2ae-33f65596b295
292	Pooh	Sabin	psabin83@irs.gov	Male	709-08-5407	c6c4bd21-af02-4750-ab7a-e32ce119b7b4
293	Kimball	Bogart	kbogart84@tinypic.com	Male	232-39-0540	0e1489ca-79fd-482f-b4bd-b9d6c3b64a7c
294	Edie	Eustes	eeustes85@sitemeter.com	Female	255-47-5250	a209adac-c065-4939-94a9-9bb019bbef2d
295	Milton	Pluthero	mpluthero86@canalblog.com	Male	294-20-5814	72bce51e-1490-41f0-88cc-35dd0979e5c2
296	Ronnie	Dunbobin	rdunbobin87@vistaprint.com	Male	103-20-5634	2016e3c6-8a51-476b-af5e-a325143a040c
297	Shara	Varcoe	svarcoe88@princeton.edu	Female	286-76-2519	3de42f2f-c88d-48e4-a7fe-1962d5b55043
298	Codi	Preene	cpreene89@ezinearticles.com	Female	722-02-7779	40f5909a-495f-4ac2-9ad0-de6fd109d899
299	Dunn	Waldrum	dwaldrum8a@list-manage.com	Male	722-50-7858	16144cb9-5944-4e7d-a002-6f53e2fe62bb
300	Paxton	Tremblay	ptremblay8b@vistaprint.com	Male	847-18-2055	3923d752-7e22-41e9-82a3-8f807cf0cbdb
301	Tadd	Russon	trusson8c@instagram.com	Male	315-52-5534	20d48279-d4bb-4e19-9be5-764344ffb201
302	Terrence	Dacke	tdacke8d@narod.ru	Male	147-66-7689	b390b00b-4e82-4a71-a03b-724c517fbbd4
303	Nicolle	McWhan	nmcwhan8e@shinystat.com	Female	412-50-6049	2cef649f-a08a-423b-967f-455ee36de959
304	Lisette	Middleweek	lmiddleweek8f@guardian.co.uk	Female	248-99-2785	795da855-7924-409c-b2dd-575927321e10
305	Gaven	Cramphorn	gcramphorn8g@ifeng.com	Male	433-06-9241	8456c4cc-0f6b-40d7-b422-d885a6d64523
306	Clarita	Broune	cbroune8h@goo.ne.jp	Female	689-75-8349	3c584f5c-4ebb-4291-b7bb-a824710ecaaf
307	Fleming	Hedney	fhedney8i@list-manage.com	Male	476-59-2999	6668d961-edfe-4d3f-9abd-d9aa3b1c0474
308	Jamey	Delos	jdelos8j@biglobe.ne.jp	Male	308-64-5865	1842d202-76be-4c5b-82aa-11c9250fb074
309	Harmonia	Rankmore	hrankmore8k@digg.com	Female	751-74-3423	69066f02-8976-40e7-b544-db2c87f0f2c7
310	Sigfried	Harvatt	sharvatt8l@xing.com	Male	703-03-1166	ebd29761-2b42-4419-948b-f686f7121209
311	Elizabet	Clancey	eclancey8m@ebay.com	Female	753-69-5926	96c7e04c-589d-42ea-a321-ee5393f341b1
312	Kelcy	Bulleyn	kbulleyn8n@hhs.gov	Female	204-01-7713	f1d3761a-01ef-4d2f-a078-32d252d11734
313	Hedy	Garratty	hgarratty8o@pbs.org	Female	490-38-0799	2f86fe85-f090-4357-a5b0-fbe8cc24bee1
314	Essy	Rubrow	erubrow8p@noaa.gov	Female	514-58-5343	a44479af-4cb6-4518-9729-7548d93fb52c
315	Ingmar	Harper	iharper8q@seesaa.net	Male	558-50-5230	af85e07f-3136-4012-8dec-63724d8f0db1
316	Hugo	Favill	hfavill8r@t-online.de	Male	690-70-5906	40e27098-3883-4f85-bdf8-a2da194fa817
317	Josias	Campey	jcampey8s@nsw.gov.au	Male	489-93-3327	f7d464a8-a874-4e02-8b53-d9c37850591a
318	Shea	Spincke	sspincke8t@opera.com	Male	744-21-9297	c3d865ee-05bc-4a98-aded-9b05270a5b7f
319	Verna	Whitchurch	vwhitchurch8u@google.co.uk	Female	193-08-3440	ce66cce1-6713-470d-b8c0-e40f68a80a83
320	Flemming	Dafter	fdafter8v@artisteer.com	Male	673-57-5305	9a0b23b7-4fec-43c9-b5a6-8cad4ab1c8d8
321	Hedi	McEnery	hmcenery8w@omniture.com	Female	506-22-7630	5b0f44f1-5c58-4670-a7ab-3c6edbcf4f57
322	Papageno	MacWilliam	pmacwilliam8x@deliciousdays.com	Male	170-68-0636	c1de02ce-42d7-4b46-99fc-fbd0e68ef2b9
323	Derward	Jeppe	djeppe8y@cyberchimps.com	Male	305-43-8749	e9c263c0-5230-46d1-b1ef-c873d70cbfb3
324	Bernie	Bonsall	bbonsall8z@uol.com.br	Female	424-85-3068	8b7b21f3-b533-44c8-be1c-8a5ffee7f769
325	Livvyy	Serjent	lserjent90@nih.gov	Female	147-26-7492	235fa43c-9918-4133-bd3d-d242ccfe9be8
326	Joachim	Adamiec	jadamiec91@google.com.hk	Male	574-93-2450	af03f329-bfcd-4994-a6f1-6126ac06be4c
327	Charmain	Cragoe	ccragoe92@lycos.com	Female	175-34-0803	2a5901bc-fca2-461a-ac2d-0e4d049cad04
328	Nike	Harsant	nharsant93@sourceforge.net	Female	377-14-8909	d277db0e-d4b2-4796-9903-d1a85408f284
329	Alexei	Kristof	akristof94@nytimes.com	Male	780-75-9334	698b3ef2-1797-4f12-b7f9-a474faf8e530
330	Barbabas	Shellard	bshellard95@google.com.hk	Male	892-24-2551	917350bb-195e-4c39-b539-382e84de70dc
331	Gladi	Smullen	gsmullen96@instagram.com	Female	311-24-9882	57095467-16a1-4acf-abf7-aa7e510c42be
332	Margaretha	Newlin	mnewlin97@tumblr.com	Female	604-34-1484	ad74c197-5bde-40c3-bd76-17a971e7056f
333	Bartolomeo	Long	blong98@si.edu	Male	316-99-5950	caa1ba27-ca02-4a00-8228-c8839bb88104
334	Dillon	Yonge	dyonge99@forbes.com	Male	234-76-1493	8cd77595-82ee-475c-8656-f83c76736d2a
335	Whitby	Windrass	wwindrass9a@unicef.org	Male	730-24-0512	72fd4679-4b9d-45fd-9a6f-0f4a91b5c662
336	Patrizio	Placide	pplacide9b@timesonline.co.uk	Male	212-76-5144	32ed6f8c-ba0c-43f1-9e40-e3d6c4cc6579
337	Will	Pierrepont	wpierrepont9c@zimbio.com	Male	726-32-5683	373abab0-45fd-4494-81f4-3aa3f3ba24c8
338	Loralee	Dyter	ldyter9d@typepad.com	Female	479-82-6109	32b5e125-2dbf-4528-b5c7-2c4ac38d4e4b
339	Beauregard	Erangey	berangey9e@marketwatch.com	Male	478-77-5012	d5438dbb-049f-4415-a91c-113827b0c01b
340	Alonzo	Oats	aoats9f@purevolume.com	Male	744-73-9208	323a4f1e-775a-478d-ac0c-eb172e7fc775
341	Luce	Burnapp	lburnapp9g@vistaprint.com	Male	648-08-6525	9e4f7c40-733d-4ece-96b9-0bc6d678e6dd
342	Belva	Letherbury	bletherbury9h@harvard.edu	Female	102-67-3056	ec41babc-e662-41cc-af11-725575c801cd
343	Sayres	Andrys	sandrys9i@g.co	Male	232-27-9599	1ce83e8b-9499-4169-ace9-d74dfca613e2
344	Myrna	Dean	mdean9j@vistaprint.com	Female	766-20-8321	81738399-f614-4642-8b93-512c50fbde14
345	Cornie	Goggey	cgoggey9k@wired.com	Male	321-95-5327	0550f697-e20e-46ee-b865-417515d7c532
346	Lorne	David	ldavid9l@mozilla.com	Female	746-71-8523	adf46a1a-f515-4004-9bed-4c6934868472
347	Ariella	Vane	avane9m@homestead.com	Female	526-70-1730	2e18abef-7738-4cd3-add8-2cadc2213871
348	Florella	MacGilfoyle	fmacgilfoyle9n@yellowbook.com	Female	235-39-6383	61dd8d75-b6a6-411b-8f9d-31092a8e4fdd
349	Alphonse	McGonagle	amcgonagle9o@twitpic.com	Male	360-85-5492	2a32428e-b2d3-4809-acf0-bc17ce3a9e67
350	Kissie	Bownde	kbownde9p@mozilla.org	Female	403-12-9064	13a64f06-0a75-4d1c-a030-dedfd14e5d89
351	Bron	Gaythor	bgaythor9q@deviantart.com	Male	616-25-7682	d3e49c1a-b090-4425-a360-3565bd9d4d69
352	Ammamaria	Brunel	abrunel9r@newsvine.com	Female	105-77-0254	61f35a8c-35b0-4f57-ba75-79a4ee8e4169
353	Demetris	Breem	dbreem9s@printfriendly.com	Female	728-37-7087	4bf135f7-824f-4ddc-817a-d825fac69bc2
354	Carmella	Gullick	cgullick9t@histats.com	Female	439-84-0862	dadedaf7-39cd-4e4c-ad0c-721a639e5e1e
355	Sophie	McHan	smchan9u@addthis.com	Female	453-24-9476	7664994e-cb61-4e5e-bea5-b624d13029de
356	Durward	Jewiss	djewiss9v@phoca.cz	Male	481-90-1543	7b1b9c7b-48fc-4f0b-b2f4-285a8b54166c
357	Kirsteni	Hewlings	khewlings9w@cafepress.com	Female	105-77-4971	5e60510a-3851-4bc0-8392-888de9a455cf
358	Tallulah	Butterfint	tbutterfint9x@istockphoto.com	Female	289-25-7811	b6eac346-4440-46e0-97f7-1bf36a569775
359	Deanne	Goom	dgoom9y@walmart.com	Female	427-39-0498	ca8346e0-ecff-4394-bb99-faa9d723156c
360	Penelope	Gagen	pgagen9z@qq.com	Female	425-37-7160	a836cbb5-ece4-406b-b15f-c6427f36a2d9
361	Catharina	Baglan	cbaglana0@reference.com	Female	159-06-7392	82c28c17-aeba-4207-99e9-8300332deb56
362	Lanie	Hatherleigh	lhatherleigha1@macromedia.com	Male	778-12-4695	a5615910-3335-45be-b420-547405742996
363	Sybilla	Jellis	sjellisa2@ask.com	Female	722-56-3428	6a86fd43-c5d0-4e5f-87ea-03cbe19b4d7f
364	Jilly	Daintith	jdaintitha3@pinterest.com	Female	440-35-6314	305d65ec-8dd4-4558-aeff-a84685a15a81
365	Ashil	Brearty	abreartya4@purevolume.com	Female	870-99-9115	06da2087-27c6-4cf9-9806-c0b41884392f
366	Daniella	Gearing	dgearinga5@scribd.com	Female	795-18-7267	8522cf2f-02de-434b-9a35-b6aff0d76442
367	Kin	Lathbury	klathburya6@msn.com	Male	240-73-7054	9df4fe43-23b0-4fa9-93c3-d688006e00f1
368	Mallory	Bogace	mbogacea7@1und1.de	Male	664-15-4841	3ae47283-41fd-4d76-a57e-e2367f632f22
369	Caryn	Cona	cconaa8@merriam-webster.com	Female	288-40-4322	774feca2-f3fd-4e65-ad05-f80bafe83bbb
370	Faulkner	Seagrave	fseagravea9@joomla.org	Male	337-41-5122	953a3d1a-7f89-45d3-8ad3-c1cf301ec9a0
371	Jacenta	Caldero	jcalderoaa@taobao.com	Female	314-99-3106	b3c81eda-5911-4c2c-bd30-b6b359411c05
372	Wenonah	Cundey	wcundeyab@smh.com.au	Female	526-89-8720	f79964dc-ce40-472b-8d39-5a680f725be1
373	Rivalee	Inglefield	ringlefieldac@wired.com	Female	113-86-4165	68d42b91-3477-42b5-a533-272b32ad58d7
374	Ruttger	Orton	rortonad@de.vu	Male	635-75-6946	f4575ae8-5031-4922-bbcb-51add856ce7f
375	Laurette	Peotz	lpeotzae@oracle.com	Female	792-95-7478	e7a36f64-6bbe-4d05-b6e9-f18f3561ef7f
376	Madelene	Dearness	mdearnessaf@google.pl	Female	836-17-8188	facda9cb-8080-44c9-abff-e67e37994f27
377	Thornie	Ludlem	tludlemag@g.co	Male	182-98-0951	f033ed67-6f25-41e2-999d-b17cf3d92a7d
378	Candide	Portman	cportmanah@ed.gov	Female	287-14-0773	b2e4d64c-a71f-45d4-bf0c-083840237982
379	Ancell	Vicary	avicaryai@google.com	Male	721-62-4071	428224c3-2562-42d8-ade3-bd05cc5005ca
380	Daloris	Wandrey	dwandreyaj@webmd.com	Female	846-20-6214	a406f720-f9ab-484b-8d7a-d5c48947ea49
381	Levon	Jockle	ljockleak@hibu.com	Male	510-39-2066	bdcb1d94-9931-475d-b2c3-182040a1da51
382	Antone	Ousby	aousbyal@sciencedaily.com	Male	205-40-1706	de40062b-3187-4276-af30-20947d263bf8
383	Hall	Arrington	harringtonam@pen.io	Male	456-54-2926	7d26c17f-04b8-44e6-9c50-ed3a0cd4df06
384	Valeria	Jamson	vjamsonan@sina.com.cn	Female	825-39-2209	015e946e-16a1-4419-9749-8a8a978ae37a
385	Grantley	Droogan	gdrooganao@disqus.com	Male	685-96-8733	01ff6f4d-1028-45b8-a7a9-75a36183c111
386	Lottie	Ricciardiello	lricciardielloap@samsung.com	Female	598-98-4497	98cbdbd6-13a1-4ca3-be1f-1832cd67d736
387	Maurizio	Ronald	mronaldaq@tmall.com	Male	381-26-4181	4412fff2-0445-49d7-9259-b9e5e704a6d9
388	Mandel	Gammet	mgammetar@xrea.com	Male	350-37-3846	ad99744d-6b26-4d5d-97a1-8af4b19c3204
389	Allayne	Doucette	adoucetteas@ifeng.com	Male	595-13-4737	f931284d-c307-422d-acc8-a05fd5e98ee6
390	Bertina	Dannohl	bdannohlat@nps.gov	Female	186-11-3078	3b00f9ad-69d7-4b6d-a92c-170ee33d9bd0
391	Fax	Tunna	ftunnaau@newsvine.com	Male	550-58-7940	88b46cb7-27eb-4e02-87d1-860f53939275
392	Denver	Rance	dranceav@geocities.jp	Male	851-37-3978	ad8bf432-2e6d-4d7d-8754-ab3a7e4df390
393	Clo	Gormley	cgormleyaw@marketwatch.com	Female	192-87-8175	132346c9-ebae-4b04-8faa-eb468d8458a5
394	Brody	McGennis	bmcgennisax@mashable.com	Male	869-18-9596	7e0cf07f-bae7-405e-9559-ae12b2d781a1
395	Denney	Lokier	dlokieray@bloglines.com	Male	564-12-5692	f306e16c-0d39-4663-baa8-19489195cf6d
396	Wilie	Bernardelli	wbernardelliaz@nydailynews.com	Female	113-88-4548	c0cc8d41-55b2-425f-b0b3-bc7a9a047988
397	Thorsten	Brute	tbruteb0@last.fm	Male	847-21-9285	e340f0ab-7f5f-40be-a894-e3062df3e32f
398	Leonidas	Walasik	lwalasikb1@phpbb.com	Male	202-80-1176	96c8d1af-54f5-4a35-940b-a2a5ffa53698
399	Adoree	Gopsill	agopsillb2@i2i.jp	Female	765-50-6958	71f7407f-edbf-45c5-8ab4-daa1b88f5fad
400	Coraline	Arson	carsonb3@xing.com	Female	154-76-0483	c604efaf-3fdb-40bc-b232-72d58aa81a1f
401	Alanah	Pattie	apattieb4@earthlink.net	Female	425-61-5951	d2bf24bd-6289-41aa-9c44-80e2f9ad469a
402	Samuele	Trahmel	strahmelb5@sogou.com	Male	815-03-5275	3582d522-3c81-4835-8eaf-43efc0d5688b
403	Anselm	Housin	ahousinb6@nih.gov	Male	347-52-7401	9f490610-0a10-4c59-a99c-519d0215f312
404	Sigfrid	McKim	smckimb7@theguardian.com	Male	348-90-1682	4e081ce8-63b0-40d4-83ef-05ba40962636
405	Gina	Easun	geasunb8@yandex.ru	Female	431-50-0216	0ace6a64-f0a6-4c96-ba46-871af054b751
406	Michelina	Ballaam	mballaamb9@gravatar.com	Female	268-76-6575	b1fb9e7b-12ee-45bd-93cc-a01dda82756c
407	Miller	Mullane	mmullaneba@unc.edu	Male	374-06-1752	db789634-8334-4078-8f3d-49785a100bbe
408	Ancell	Girardengo	agirardengobb@chicagotribune.com	Male	651-70-7019	4dfc9db1-c8a7-4af9-a292-65067f2b94c6
409	Mareah	Whaley	mwhaleybc@forbes.com	Female	206-27-1025	087c1ea4-8a35-4c3b-b581-4ed6c0a564ec
410	Jaymie	Stobbes	jstobbesbd@dyndns.org	Male	371-51-4331	a25adc7a-bff4-4831-b723-8cd98f36bfcd
411	Hinda	Cadreman	hcadremanbe@cmu.edu	Female	447-54-0972	68e423b2-87f5-4d82-a2aa-d35cb0ca7759
412	Cloris	Cattini	ccattinibf@addthis.com	Female	100-63-7538	d7fa4af5-e9ce-463a-aa8d-276ffc97a883
413	Mollie	Braycotton	mbraycottonbg@cnbc.com	Female	366-63-9162	0a10386c-7e16-4a80-9e4c-e0d7816e7dda
414	Aron	Thow	athowbh@businesswire.com	Male	241-33-9024	ff0a7044-6510-47ac-9402-11e6d610de31
415	Lanna	Trowbridge	ltrowbridgebi@who.int	Female	254-81-1225	fbb701fe-d359-4d7f-87b4-e6db861bc04a
416	Daffie	Ollier	dollierbj@bbb.org	Female	602-39-2508	6c77e072-aa31-4388-ba4f-bf7ecc18ea68
417	Daren	Eilhermann	deilhermannbk@bandcamp.com	Male	716-70-3197	cc2ae80f-c914-44b7-a9b6-412fede99862
418	Brady	Berzins	bberzinsbl@icio.us	Male	415-68-8959	11da15ab-444b-4c11-9c10-22c209b9994e
419	Lane	Kynnd	lkynndbm@google.pl	Female	680-33-2963	7b1f17ef-74db-4eaf-a703-72da18849e89
420	Cristie	Colter	ccolterbn@dedecms.com	Female	422-85-1803	f1db5ff1-0b11-4aaa-87d0-83cdf6bfb997
421	Gaylord	Hammett	ghammettbo@icio.us	Male	696-97-5703	ca2b6550-57f9-430e-8bca-50879a66e778
422	Justus	Crass	jcrassbp@ezinearticles.com	Male	683-93-7320	8c34b674-fb2a-4057-a797-8e523382037d
423	Nolan	Tropman	ntropmanbq@sbwire.com	Male	281-55-8543	41f2f7c3-3d38-4bd2-ba14-9e623c5761b4
424	Hogan	Frowing	hfrowingbr@so-net.ne.jp	Male	375-38-7802	902946ec-307b-45fc-82cc-da33f00ad87e
425	Analise	Fadian	afadianbs@cbc.ca	Female	225-30-8554	180866a5-525a-4055-b90a-9bde2bb3ff98
426	Roselin	Moxom	rmoxombt@miibeian.gov.cn	Female	701-92-7318	976d9b9c-d919-40e2-beac-6978fc44257d
427	Thedric	McGinnis	tmcginnisbu@msu.edu	Male	423-75-5560	7ee84056-4669-41ed-9c7a-8042a9ab2d45
428	Willdon	Presho	wpreshobv@php.net	Male	731-31-2519	017e9419-33ef-4b5a-8cea-a7c2953966b2
429	Helli	Weippert	hweippertbw@bandcamp.com	Female	884-14-5501	643f30ed-0592-4148-a900-5941a63f6620
430	Margit	Kegg	mkeggbx@chron.com	Female	682-01-3295	eaa9e926-3541-41c6-a272-a4725d66b29d
431	Raychel	Farrant	rfarrantby@utexas.edu	Female	805-73-5672	14a480fb-9aab-4fd3-92b5-4a18ac5aec3c
432	Reyna	Beardsall	rbeardsallbz@cnn.com	Female	243-34-9198	201fa5bc-dc25-4cda-9f5d-886ba289a903
433	Mohandis	Campelli	mcampellic0@china.com.cn	Male	611-18-2924	69c21db8-fead-4936-bbb4-a31ed04ba04f
434	Joy	Mourgue	jmourguec1@hugedomains.com	Female	132-51-4902	aaecc4dc-1d64-4016-bff1-75b4e5026805
435	Clyve	Fockes	cfockesc2@odnoklassniki.ru	Male	409-10-1803	f37cf6f6-9830-4987-939f-6ea80a275326
436	Marv	Matteacci	mmatteaccic3@github.com	Male	667-12-4667	721826ae-a58a-4142-8c44-a422609cca09
437	Fons	Cowl	fcowlc4@sohu.com	Male	715-69-7520	8ebb6284-f6b1-4205-95f5-033bf33b4e9e
438	Niccolo	Standish-Brooks	nstandishbrooksc5@samsung.com	Male	739-90-0104	c08b0339-f64a-45f4-ac7d-53677f20f57b
439	Willow	Capel	wcapelc6@issuu.com	Female	482-29-3510	37ed9891-5f24-4d41-be41-ce8bcaf7c47e
440	Suzanna	Cordall	scordallc7@blogs.com	Female	114-50-7731	5a3b22ac-2a9f-4df3-8675-71597b48e011
441	Kathye	Brougham	kbroughamc8@webs.com	Female	239-08-7194	76dcb359-b3c2-40cd-8b0a-5fccb46ba422
442	Verile	Di Biasi	vdibiasic9@mtv.com	Female	696-96-5796	40a54cf9-f233-40f5-86eb-4d6d2485a47d
443	Yehudi	Ipsgrave	yipsgraveca@spotify.com	Male	436-13-5327	b7504be4-01a0-491e-bc3e-d45a753e838f
444	Kristan	Michie	kmichiecb@1688.com	Female	189-76-0144	f9bc2563-d2c4-4b72-be45-f1bde2a01a14
445	Bella	Breckenridge	bbreckenridgecc@photobucket.com	Female	554-48-1087	43b48c57-9042-4ca7-a78e-999b522aae62
446	D'arcy	Clapison	dclapisoncd@discuz.net	Male	205-87-0231	fc173ea5-6c9f-43b1-84af-e5140300e7c5
447	Monica	Threadgould	mthreadgouldce@google.com.hk	Female	668-23-9307	65f33542-eca5-4282-968b-0a8d879766fd
448	Gusty	Inkle	ginklecf@geocities.com	Female	295-92-2954	b575481a-ff4c-469e-9c4c-74d8f5aa39d7
449	Paulette	Flowers	pflowerscg@netlog.com	Female	495-78-6125	537be5db-6732-44e7-9d14-a4999b330155
450	Ulick	Edgerly	uedgerlych@state.gov	Male	307-09-7344	7e3bcc4a-566f-4c47-885d-f6e38fbe17b7
451	Nan	Claibourn	nclaibournci@washington.edu	Female	835-38-1865	8a53bfcb-822f-42db-bb82-6046244716f8
452	Nani	Dyble	ndyblecj@xing.com	Female	850-02-7771	298312b3-059d-46bf-9f30-597c81e31a2e
453	Rog	Dulton	rdultonck@sakura.ne.jp	Male	440-17-2273	7768c4f5-c1c1-4732-9462-bf6f54e6a0fc
454	Erl	Ragless	eraglesscl@hud.gov	Male	439-77-3930	b8f6f436-2f99-48f6-96c6-b732918efc30
455	Allina	Cellone	acellonecm@europa.eu	Female	480-89-2857	50f612a9-e30b-4038-8126-d829d24053ae
456	Lexine	Dimmack	ldimmackcn@hubpages.com	Female	311-10-3406	2bd48d4c-21a5-4f8d-bfbc-a45d096be71a
457	Baxie	Erswell	berswellco@mac.com	Male	559-20-3790	53a9e631-f82b-412a-86ff-9e4423a2be54
458	Shanan	Nyles	snylescp@goo.gl	Male	474-07-3657	0fab00c8-94ee-4ed6-b672-17ef07e1305c
459	Langston	Keilty	lkeiltycq@taobao.com	Male	898-80-3820	effc77d0-cf09-4f4a-a51a-fc3c1bb4bf5f
460	Laverne	Ensor	lensorcr@usa.gov	Female	358-08-7436	5d24041e-179b-4d69-8a93-c17294e28c3b
461	Gaylor	Demead	gdemeadcs@posterous.com	Male	250-02-2642	605881e6-7546-410c-9969-73aabebd6614
462	Blisse	Mustchin	bmustchinct@techcrunch.com	Female	824-79-2017	10f28e74-6e05-49c8-81d8-515baf7800c6
463	Prisca	Stener	pstenercu@barnesandnoble.com	Female	729-23-5480	a65ae964-4ae8-4c0f-9c59-106a190bdabd
464	Naomi	Mingauld	nmingauldcv@networksolutions.com	Female	639-91-1560	65b89246-a410-465f-9987-172714d56fec
465	Robinet	Barnaby	rbarnabycw@trellian.com	Male	406-22-3175	5500405c-db93-4759-a983-2b1bbf9b73da
466	Olva	Chesterman	ochestermancx@mlb.com	Female	249-44-3075	f5c90095-49b9-49c4-93f4-a5c1a2ceaeeb
467	Ian	Bendan	ibendancy@gnu.org	Male	834-06-9495	08af8bd9-2026-4a5f-8db2-d5f0b36ca722
468	Rafaellle	Jiranek	rjiranekcz@nationalgeographic.com	Male	408-04-1028	65d9f7b8-385f-4625-83df-bc762c483110
469	Lacy	Mitchell	lmitchelld0@dailymotion.com	Female	529-66-8011	144a87bf-8130-453f-a68d-f5dbf16830d2
470	Phip	Mathy	pmathyd1@cocolog-nifty.com	Male	432-64-7217	58230a7a-3566-4f73-90b8-28d9f82dc183
471	Olga	Shawell	oshawelld2@businesswire.com	Female	725-29-1418	5a8f6ee4-6db1-45e8-b208-c268a25251e5
472	Lula	Mannock	lmannockd3@dagondesign.com	Female	518-93-1049	eafd1a75-6832-4fb8-bdf3-02c51236e9d4
473	Marci	Ennor	mennord4@dyndns.org	Female	433-24-1146	249bf1f2-e13a-4577-93d7-37647329d5fa
474	Lillian	Scholefield	lscholefieldd5@princeton.edu	Female	701-42-8096	4a3ece94-4fc1-4970-9da6-91fa6628bc59
475	Robena	Viney	rvineyd6@g.co	Female	230-54-6830	3632949d-008c-42c0-bc5f-e79daf3c0555
476	Anderea	Sommerton	asommertond7@bigcartel.com	Female	284-39-4524	3f9172e2-d481-4c8d-9827-79ec206652b7
477	Jared	Biddulph	jbiddulphd8@digg.com	Male	545-65-3858	49436b50-c39f-4976-b122-de86221e0ac8
478	Maurene	Grenshields	mgrenshieldsd9@hibu.com	Female	749-17-3870	6089e0f3-c881-4601-9365-9c6d24949440
479	Mathilde	Mailes	mmailesda@people.com.cn	Female	582-66-2437	ff6e7ba1-89de-4991-98ce-f06628d46c0d
480	Ailene	Caughey	acaugheydb@virginia.edu	Female	322-66-4273	42b6ea31-ffbf-4fe0-8468-8a7613c2d905
481	Douglas	Perigo	dperigodc@clickbank.net	Male	812-58-7165	e1a09f3d-b7cf-4d85-8bb2-beb732b80aef
482	Karena	Blaza	kblazadd@ebay.com	Female	152-56-5708	c15a403e-bff3-43bf-869d-fbc50521b5d3
483	Torrance	Willshere	twillsherede@biglobe.ne.jp	Male	159-28-6868	f8c1efa0-1717-478c-8cc3-d7235c75e9fb
484	Jessi	Dicke	jdickedf@altervista.org	Female	446-82-0962	407c0a9a-2ddc-467b-8e07-88f3a47b237e
485	Gerry	Freyn	gfreyndg@archive.org	Female	786-86-1702	89d655e1-c3b4-4d71-a643-c81e68268321
486	Robinia	Laval	rlavaldh@techcrunch.com	Female	613-99-1123	0a9920fb-80ce-4506-8ee5-34d0e8d91805
487	Lenee	Uvedale	luvedaledi@yellowbook.com	Female	438-14-3957	b9c1d50b-261a-47fd-bbce-c9298f774576
488	Travis	Flanne	tflannedj@theguardian.com	Male	317-32-1134	bb46d66b-2d1e-43d6-8c52-4acf455d4527
489	Archambault	Strangman	astrangmandk@shinystat.com	Male	623-24-2314	174bdaa7-702d-437e-bb69-8545a133d915
490	Audra	Haugh	ahaughdl@unblog.fr	Female	168-72-8214	6d6a6c78-383a-417d-9b57-13eb6d663e9a
491	Gard	Woffenden	gwoffendendm@ebay.co.uk	Male	752-60-0619	0d294bb1-91f4-473d-83f5-abb636cfe63e
492	Valerye	Hort	vhortdn@wikipedia.org	Female	449-59-7448	c87ebfa1-be7d-4d9c-86ee-5c8373cc50a0
493	Kay	Kimbley	kkimbleydo@va.gov	Female	804-54-9207	df53e306-f783-491b-8588-bd71d09c041a
494	Darsie	Leming	dlemingdp@instagram.com	Female	709-03-0606	f9f02652-b830-4902-860f-50d9e45488e2
495	Claude	Smythin	csmythindq@npr.org	Female	818-46-3160	4ffbbfb1-c59a-44a8-8058-4d24908b9e4e
496	Desi	Stanyer	dstanyerdr@ft.com	Male	235-25-7450	a9634f27-c059-4f25-9758-19016b3b8606
497	Rolfe	Cullon	rcullonds@indiegogo.com	Male	264-98-7840	9494ac0d-5f3b-4ddd-bace-b28bf53ab625
498	Cyrus	Cocozza	ccocozzadt@hugedomains.com	Male	698-91-7384	b54eb739-4019-4918-b1ec-f1a3d5818073
499	Gerda	Tire	gtiredu@fda.gov	Female	466-90-4884	abd32c16-3398-41e5-81c1-502769303f1f
500	Ogdan	Trevethan	otrevethandv@github.io	Male	422-76-1559	3dcc70c4-596c-4160-92c1-4ceaf8ea1ea1
501	Russell	Goddman	rgoddmandw@xinhuanet.com	Male	617-68-7420	4612a37a-0e4b-449f-8ec0-b22dd1b0b0e9
502	Doretta	Nansom	dnansomdx@cdbaby.com	Female	651-30-0130	6c678e2e-960f-424c-a38c-96102d67bdd6
503	Nichols	Connett	nconnettdy@forbes.com	Male	653-89-9695	51173648-ccd1-40b9-a240-c3462a1187eb
504	Shepherd	Jelf	sjelfdz@360.cn	Male	598-71-1463	1de5fc73-91aa-4a88-b630-6dad4487abe2
505	Mitzi	Dunton	mduntone0@apache.org	Female	672-97-7032	b2ae8fb1-c7d4-48a8-b131-42406bcdb45e
506	Gerrard	O'Neil	goneile1@auda.org.au	Male	122-11-3304	91e4607c-72e9-45d5-a4a8-bf9895802c01
507	Sissie	Staggs	sstaggse2@disqus.com	Female	817-22-8533	b5f5e284-ffcb-4530-ba1e-37eda4131c3f
508	Bruis	Grahamslaw	bgrahamslawe3@mit.edu	Male	723-69-1642	71a5f429-bafe-49ea-8eac-737afcf2ccab
509	Gerek	Scrange	gscrangee4@yellowbook.com	Male	345-33-4952	507a0f25-9177-4ec8-9fb9-348d011e3715
510	Catina	Helder	cheldere5@google.pl	Female	184-88-9194	4255a722-8f9b-4c15-a4d6-8ada5bf613de
511	Judith	Plover	jplovere6@home.pl	Female	723-09-1721	a571d0a9-a27b-4797-a5dc-25d1e5e8c914
512	Whit	Mintoft	wmintofte7@abc.net.au	Male	159-21-8816	522bf5a0-370a-42b4-b877-417545bb6437
513	Marcellus	Mowday	mmowdaye8@ocn.ne.jp	Male	197-22-0462	9c9db3cf-b2a8-4921-b266-cd302ea723e6
514	Kim	Bittlestone	kbittlestonee9@boston.com	Female	494-87-5579	061f4044-efe3-47e3-bd5f-4e016dc1472d
515	Lolly	Rumin	lruminea@flavors.me	Female	872-46-5251	107c1ff3-0f7f-4b5e-9682-0b9bd9e522c8
516	Northrup	Wadforth	nwadfortheb@nyu.edu	Male	382-55-9641	610b9d7e-5b0f-4666-bbd2-3b4e9822af11
517	Cathrin	Drewell	cdrewellec@paginegialle.it	Female	655-83-6978	d10c2ab8-5f4d-4609-9d52-0eee9b77e196
518	Kimberlyn	Olenin	kolenined@guardian.co.uk	Female	477-23-1921	aac1a591-9604-4654-84ac-30f6a3a2da71
519	Meredithe	Everex	meverexee@google.com	Female	340-88-3121	56934802-ae63-465a-8301-bac08a3ae9cc
520	Kally	Botfield	kbotfieldef@list-manage.com	Female	244-66-3960	9ee9ce4b-befc-42b8-b11b-a670dd7b7d4f
521	Matty	Ivanenko	mivanenkoeg@businesswire.com	Male	437-81-8254	1e1aacef-eee0-455b-9954-f127bfde4b3a
522	Orazio	Witton	owittoneh@cocolog-nifty.com	Male	884-39-4636	3754c82a-7c52-44f6-bcd7-6d3b6a155334
523	Oneida	Rowlinson	orowlinsonei@odnoklassniki.ru	Female	534-03-4536	24ee7d06-559b-405f-ba2e-33d4d2a7cceb
524	Helen-elizabeth	Jery	hjeryej@house.gov	Female	249-07-4014	cf188061-b1d6-4141-9cac-9c6c934de3da
525	Bird	Charrier	bcharrierek@nifty.com	Female	447-87-9722	abceb157-0ac5-4d52-aeed-ef984186dea3
526	Tallie	Bliben	tblibenel@google.ru	Female	324-51-6299	97978a71-8514-42c4-9e68-a2ef9c718b82
527	Donielle	Harses	dharsesem@about.com	Female	524-24-8365	199a7eaf-32ed-4b05-9620-089983751a96
528	Aldous	Cumberland	acumberlanden@cocolog-nifty.com	Male	727-99-1512	c3be3c90-afcf-4e02-8f05-9abaae807786
529	Brit	Dewhirst	bdewhirsteo@toplist.cz	Male	612-02-2806	045afd59-6587-48fd-9ac5-4b34e4a17444
530	Clarey	Beels	cbeelsep@deviantart.com	Female	791-35-4188	4939b821-46f7-4255-9e83-a416b0c2ac13
531	Elle	felip	efelipeq@alexa.com	Female	264-19-5064	4d6bb9f4-4017-4413-9ce0-3ec41cffcd3e
532	Pavel	Nuschke	pnuschkeer@oracle.com	Male	841-01-6303	e6c2687a-847a-4e20-9a87-5d1141a87a8a
533	Morley	MacCaughey	mmaccaugheyes@livejournal.com	Male	613-29-2175	487b00cc-3ac1-4234-8af9-6f884d8a23c0
534	Lolly	Castelluzzi	lcastelluzziet@google.nl	Female	334-35-4425	138fa7a0-baae-46e1-b756-32666d3e65ca
535	Jenda	Goodburn	jgoodburneu@patch.com	Female	823-90-5759	0b8262b5-9a13-42c4-8e6c-79bcc55502f1
536	Fredi	Lintot	flintotev@free.fr	Female	394-82-3984	a93ab639-4503-4c23-9f99-895372dc2dca
537	Bobine	Gouck	bgouckew@yolasite.com	Female	256-57-0441	ea5b3ac2-04ab-48a9-9c7c-d29ead2f77ab
538	Andre	Andriolli	aandriolliex@home.pl	Male	470-19-6754	b80a400c-e140-4753-b2a1-6c19a9598988
539	Douglas	Sigart	dsigartey@gmpg.org	Male	115-95-0873	9805c6ce-ee72-42ca-a0c5-4ea666ef947f
540	Kelsi	Bathowe	kbathoweez@stanford.edu	Female	890-76-7184	5ed73117-3082-4a4f-b392-310b2b92210c
541	Swen	Greetland	sgreetlandf0@fda.gov	Male	160-41-1527	e5e52af6-c947-46ef-aa8e-70933e4d334b
542	Chevy	Axleby	caxlebyf1@t.co	Male	258-79-7543	f5cef4d8-881d-4067-bd8e-64a590e34c43
543	Anet	Killelea	akilleleaf2@webeden.co.uk	Female	552-57-4126	57e71c4b-d422-4c1d-bff3-f135e6959b8f
544	Cariotta	Daniello	cdaniellof3@netscape.com	Female	326-33-8179	0de299d0-187a-4d87-b483-0175ae6035d3
545	Ansley	Huntingdon	ahuntingdonf4@cnn.com	Female	731-85-4193	25119078-d643-4be8-bb4c-b24d894c1091
546	Gian	Royal	groyalf5@alexa.com	Male	703-64-6196	2f0319ea-6d52-4324-bfb8-9bcfaacbac38
547	Derward	Ogelbe	dogelbef6@va.gov	Male	717-66-2114	30b9fc00-b80b-478a-ba53-357972d5f78c
548	Bale	Davidovicz	bdavidoviczf7@infoseek.co.jp	Male	732-25-0092	d858b7ba-fd18-4cd6-b474-e38d91269ee6
549	Ive	Sutcliffe	isutcliffef8@intel.com	Male	704-27-7609	5e45d3f2-2b18-4f03-9d77-9906427ebd77
550	Catina	Mickelwright	cmickelwrightf9@ezinearticles.com	Female	347-21-4566	570934a5-4889-47c0-a3b5-ca2bb3c8df9a
551	Reeba	Matushevich	rmatushevichfa@rambler.ru	Female	787-25-4954	1d0bec9e-e536-4e08-a0b6-844479cbcede
552	Gothart	Pitkin	gpitkinfb@state.tx.us	Male	202-35-7050	be75d455-c8c5-424a-b683-10e68a282e91
553	Poul	Koles	pkolesfc@cisco.com	Male	288-75-7260	aa0c0dc4-be32-4947-8df5-fbbe51407f1e
554	Gabe	Shimmin	gshimminfd@yandex.ru	Male	461-45-0043	abd23135-e60b-4996-9bbf-c4d688361704
555	Giorgia	Cruxton	gcruxtonfe@theguardian.com	Female	277-48-0358	bbca93ff-894d-4e0b-9b03-bd7473982c0b
556	Pauli	Helleker	phellekerff@seattletimes.com	Female	309-34-2160	0ae60dc0-5b96-42aa-bd0b-abe3fdcbd778
557	Bartholemy	Olesen	bolesenfg@jiathis.com	Male	473-72-7346	57368f38-86d4-48a2-a323-9d49b76e4120
558	Annamarie	Kingscott	akingscottfh@ox.ac.uk	Female	482-03-8623	a153aa25-7a1f-4c44-bdbc-aa2dbfe89a9f
559	Annamaria	Fairfull	afairfullfi@nps.gov	Female	110-91-5633	f65188b7-c720-4587-8982-3312d6477c2b
560	Roxi	Reitenbach	rreitenbachfj@nytimes.com	Female	755-45-1419	5182a6a6-2acd-46d5-aa4c-b08a038309f6
561	Base	Kyrkeman	bkyrkemanfk@i2i.jp	Male	333-10-3428	de86672f-34e9-4042-9650-3908251eadbd
562	Allene	Richfield	arichfieldfl@theglobeandmail.com	Female	570-13-8513	1ed8d6ab-dbd3-43ad-aa4b-47db5d688072
563	Tiphani	Batcock	tbatcockfm@github.com	Female	758-06-6782	33e19a96-885d-43a2-9930-677db9d89f5a
564	Dorey	Fawdery	dfawderyfn@google.com.br	Male	757-34-9941	67a10559-78cd-4ac7-ab40-088a186f1114
565	Malachi	Brayson	mbraysonfo@nsw.gov.au	Male	359-78-5650	74378b7d-5271-401d-8cfa-be7ee1afa0f7
566	Adolf	Fold	afoldfp@technorati.com	Male	631-04-3230	75ee867b-e085-4ecb-b708-42f9d2729ad2
567	Garrot	Mailes	gmailesfq@ow.ly	Male	733-38-4258	6f1ba8c2-5ab9-430e-abb8-44179fc15c1f
568	Andriana	Switland	aswitlandfr@umich.edu	Female	244-23-4829	1955af77-47dc-4420-a676-5c57ad64171d
569	Giffy	Fidoe	gfidoefs@cornell.edu	Male	881-06-1816	4d2b0d1f-00b8-4381-bd58-f9dd3053662f
570	Rubetta	Swane	rswaneft@nih.gov	Female	890-12-5029	7c85f146-1087-4b49-8306-61952d951785
571	Tremayne	Studders	tstuddersfu@dailymotion.com	Male	411-50-3631	c4b02cf0-47e7-4c0f-912f-e2c6397079db
572	Leonidas	Gowan	lgowanfv@amazon.co.uk	Male	592-93-7748	52f8a71c-42f2-4a82-80f3-1c7d994ee09c
573	Giusto	Urling	gurlingfw@wiley.com	Male	531-59-6864	17c976f8-5cf6-4876-8e1c-42de4fee633b
574	Eyde	Allnutt	eallnuttfx@geocities.com	Female	340-52-9887	194d7b44-05f5-45cd-98f6-5b1a3ed2f61f
575	Layton	Pughe	lpughefy@theatlantic.com	Male	337-94-1199	f04558c4-b51e-4adf-b121-db1475aebf5c
576	Trumaine	Van Leeuwen	tvanleeuwenfz@prlog.org	Male	434-13-1578	0eb92ce3-b285-4b17-a490-b86d04e3457d
577	Catlaina	Pfleger	cpflegerg0@businessinsider.com	Female	581-80-9413	7ca94acc-b9a3-446f-9cf9-17fdbeefb36a
578	Marie-ann	Wiszniewski	mwiszniewskig1@posterous.com	Female	181-49-2676	9bceb58a-2dba-40bf-95b3-19c5855b4d01
579	Justinian	Grundy	jgrundyg2@pinterest.com	Male	440-95-8939	772b9399-f5c7-42ae-bd5e-6a14a1e225bb
580	Carmelita	Beedham	cbeedhamg3@jimdo.com	Female	169-95-0636	1d27b170-77de-4d8a-ae63-90ed9211983c
581	Truman	Brockington	tbrockingtong4@dyndns.org	Male	181-77-5760	54037fa2-8984-400a-b585-d75798b8007c
582	Jacenta	Ffrench	jffrenchg5@prlog.org	Female	630-08-4253	6b24dadd-6537-413c-b25d-a2bdef3aa4db
583	Rudyard	Kybbye	rkybbyeg6@soundcloud.com	Male	665-99-2044	76b97761-711a-451f-92e7-7df9d3aa1e13
584	Lisha	Hoyle	lhoyleg7@dot.gov	Female	127-46-4782	4b969f46-bfde-49d7-a79a-de8734a0db55
585	Flora	Braunds	fbraundsg8@tumblr.com	Female	535-27-8243	a6abe905-989f-42d9-8453-ad81716bd826
586	Bernadine	Buesnel	bbuesnelg9@seattletimes.com	Female	656-70-9069	2d7db30e-46c4-4405-96ba-1e2fc3d6fa8e
587	Larry	Elener	lelenerga@devhub.com	Male	401-64-2507	c0f3b38d-3c2e-4c29-a6ca-47a85951e2ad
588	Henry	Bernasek	hbernasekgb@a8.net	Male	699-24-9322	cbdbf321-86d3-436f-a9c0-734edb1828a9
589	Almeta	Brennans	abrennansgc@nytimes.com	Female	345-69-0731	abb55461-dee1-4081-baf3-677540219342
590	Skipper	Meachan	smeachangd@stanford.edu	Male	142-17-7273	efd76164-8e10-4c2b-ba5f-95adc4f381c2
591	Pattie	Grummitt	pgrummittge@lycos.com	Female	185-20-2145	3ada4327-b6a3-4fd4-aa04-042c6a8254d0
592	Marjorie	Severs	mseversgf@europa.eu	Female	245-44-9656	5804a252-b47e-4d05-b0d3-ffa4f3228c63
593	Garner	Massel	gmasselgg@amazon.com	Male	135-69-8344	7812be13-78b7-4d55-92f9-f2b417b80cb0
594	Thaxter	Sichardt	tsichardtgh@altervista.org	Male	686-84-9045	9d53b2c1-3d1f-4a30-a9fe-fc8427399e32
595	Clemente	Alekseev	calekseevgi@google.nl	Male	695-72-1961	11a3f91e-f4ed-446b-b736-130b86579c42
596	Christa	Burth	cburthgj@ucoz.com	Female	234-11-2544	41d9fdf9-b408-4be4-a28d-f110ca218b7f
597	Georgy	Benzies	gbenziesgk@about.com	Male	322-43-9292	17968ff1-acb0-4529-a1c7-cb6e83b3f56a
598	Midge	Gonthard	mgonthardgl@prnewswire.com	Female	682-33-9819	1325dc11-a5e1-423e-9726-4c8fa627b552
599	Torie	Dreher	tdrehergm@wp.com	Female	407-54-8729	ab6e8eaa-76c0-4600-b392-6aebb915b5c1
600	Nike	Corthes	ncorthesgn@over-blog.com	Female	680-43-1197	dc031cac-7434-4de1-a7bc-14579d56cf6a
601	Hallsy	Ivashinnikov	hivashinnikovgo@google.com.au	Male	509-44-8342	02cebddb-a602-4461-bc94-cfbffe038b1d
602	Osborne	Bogie	obogiegp@reddit.com	Male	267-76-8239	d8748ff2-0bca-4f76-8240-2b90eee09f2b
603	Averill	Baudains	abaudainsgq@cpanel.net	Male	467-78-5457	70778eb1-a594-433f-9b7c-b7c1ebb857a7
604	Donall	Birtonshaw	dbirtonshawgr@sfgate.com	Male	659-89-4708	357205bf-09d4-4bfb-b6ca-3c0ff42f76c0
605	Jerry	Courtonne	jcourtonnegs@bloglovin.com	Male	371-88-2935	0b735311-339e-4d56-b4ff-08f507e9d195
606	Farr	Thomazet	fthomazetgt@dropbox.com	Male	150-25-2257	dd15023f-6020-4e97-ac38-3f9fa6a1815b
607	Edsel	Sheeran	esheerangu@sohu.com	Male	687-55-2993	7bdc46d9-61f0-43e1-bca4-c3152e31d403
608	Lacie	Pococke	lpocockegv@house.gov	Female	880-62-2007	aadce628-d653-4d71-9d41-d400ffe4c61f
609	Nevile	Plues	npluesgw@umich.edu	Male	115-76-9392	ddd0ef2d-5580-4e15-ae97-4838ab73b86d
610	Arleyne	Knox	aknoxgx@disqus.com	Female	240-10-0235	f7469afd-cbda-402d-9e31-f738e04b42da
611	Mari	Bygrave	mbygravegy@stumbleupon.com	Female	641-65-9891	1cf47c6b-58bb-4f47-9442-f0ed1cfd6db9
612	Andrea	Peyntue	apeyntuegz@weather.com	Male	607-92-0234	0f3bce3d-1a43-41c8-88bf-9e9b8da358fe
613	Allegra	de Juares	adejuaresh0@intel.com	Female	159-81-9052	c9c3810a-e588-4275-97fb-68d4ea563c1e
614	Collie	Noel	cnoelh1@msn.com	Female	629-15-9187	b06aa677-9855-4502-8049-00df73e4d469
615	Winny	Durward	wdurwardh2@census.gov	Female	786-07-8237	4c6c7853-c1c0-4db7-83c5-93a85e15838e
616	Creight	Midson	cmidsonh3@pbs.org	Male	461-90-1527	7cca660e-3622-4b83-a5ab-b4d1a763a22b
617	Sterne	Bernardino	sbernardinoh4@smugmug.com	Male	170-97-3406	fe31964e-0781-4120-b44d-78a91c28ac65
618	Kristofor	Elam	kelamh5@cdc.gov	Male	212-22-9271	c434178b-3c72-4478-a125-997bd2b322f2
619	Gerhardine	Ropcke	gropckeh6@facebook.com	Female	742-98-0245	33362fb3-dca5-4401-924c-f98737bd5a3b
620	Cecil	Borg-Bartolo	cborgbartoloh7@arstechnica.com	Female	657-61-3197	72cf21bc-e373-49d6-8916-c6c00b262ff1
621	Grant	Park	gparkh8@tumblr.com	Male	427-48-0914	8c7a4221-c3b4-45e2-9f69-d9706b571db1
622	Ranee	Rolland	rrollandh9@moonfruit.com	Female	382-46-6112	248cf459-dc43-4108-a701-6aeca202da5d
623	Tallia	Kornacki	tkornackiha@sitemeter.com	Female	224-09-6586	b0e06c02-1f98-445e-a78d-901f554e56fa
624	Nelson	Clubb	nclubbhb@guardian.co.uk	Male	548-30-9712	4d451db0-8eb2-401a-b3fd-88ded09caac6
625	Danit	Phizaclea	dphizacleahc@sina.com.cn	Female	762-25-1816	5f4b03a7-1a86-4c13-bcc6-128dbdb3ebd6
626	Kelsy	Kettlesting	kkettlestinghd@plala.or.jp	Female	861-55-4803	7ea4d961-4f58-408a-82d3-11609672f06d
627	Erhard	Roff	eroffhe@utexas.edu	Male	677-93-2867	014c3fd3-0853-4c42-af58-4f526fa20b48
628	Forrest	Band	fbandhf@indiegogo.com	Male	512-12-0902	acf47b32-a36e-465c-94c0-943d4fcb1e2e
629	Coleen	Winney	cwinneyhg@census.gov	Female	816-48-3621	95bd3cc9-4ea6-425d-b65c-d84e6da7c086
630	Donovan	Daniells	ddaniellshh@sohu.com	Male	519-90-2296	102a66cc-117d-44da-8f68-e196396cb0e3
631	Umeko	Milan	umilanhi@sbwire.com	Female	321-75-7026	a3683930-85b6-492b-9ac2-2685b2650acd
632	Adria	Davydychev	adavydychevhj@aboutads.info	Female	401-43-5442	6117ffd0-55c3-4761-bad3-5bdea12b699a
633	Burty	Milesop	bmilesophk@yahoo.co.jp	Male	272-52-2227	bbe20e64-165a-4650-9d74-c855f7cfa015
634	Kalila	Mabe	kmabehl@google.co.jp	Female	467-34-5644	7163b18f-72ba-4067-b885-52f7959ac1ab
635	Geoff	Farrear	gfarrearhm@ovh.net	Male	290-22-4284	2864e3cb-5588-4d67-be50-8cd6d0eb3977
636	Reinhold	Thowes	rthoweshn@cpanel.net	Male	836-97-1691	31278a09-c6f6-4cf4-a67a-682039add4ae
637	Hamid	Dradey	hdradeyho@youku.com	Male	645-70-3381	f052f5f4-b05d-4726-a1e5-ba8d937e5a16
638	Nickola	Chetwind	nchetwindhp@dion.ne.jp	Male	557-92-2388	24cb1b33-803d-4634-8062-facbab56db6e
639	Carmela	Rostern	crosternhq@t-online.de	Female	152-82-5357	ddb8b49f-6b0f-442d-8fb3-60c10d9a399a
640	Isidor	Dewitt	idewitthr@istockphoto.com	Male	597-47-6181	7380ff1b-3e22-4292-9d40-dc73c885b340
641	Sandy	Bartoleyn	sbartoleynhs@creativecommons.org	Male	842-62-9625	8f951a2f-d8ab-4014-9c0d-506f5fb83eb4
642	Goldia	Este	gesteht@google.co.jp	Female	817-17-0483	4b1112f9-dc25-4144-a364-35b54edf6d47
643	Scotty	Lindop	slindophu@github.io	Male	535-67-8841	20d8e326-794c-438a-805d-7c6b5d11df6d
644	Pen	Tynnan	ptynnanhv@salon.com	Female	709-48-7087	c3586d05-1693-4bd2-8681-a1549cb235d5
645	Sharron	Sager	ssagerhw@discuz.net	Female	760-98-6004	b096c5ef-e5f9-4d3c-8ece-1212f746d007
646	Adelbert	Acomb	aacombhx@prnewswire.com	Male	497-40-0103	776ddd30-f2b0-4b94-b9da-8d80806e6b98
647	Caritta	Guilfoyle	cguilfoylehy@house.gov	Female	855-85-2279	8164db53-f3a6-43a9-8cbb-be6d71956305
648	Nahum	Beech	nbeechhz@nymag.com	Male	416-31-3135	1f2fb82e-3c3f-4697-bb35-cf2a8197523e
649	Jo	Gawith	jgawithi0@myspace.com	Female	117-26-9240	3d6556c3-b5c0-4167-9294-130e92840963
650	Emilio	Seel	eseeli1@odnoklassniki.ru	Male	466-06-6727	a464c307-0b60-4fd2-b66f-55ac06a953d0
651	Karlan	Karpol	kkarpoli2@weibo.com	Male	150-62-0390	be50f18b-56bb-474e-b864-4ae7c44d8650
652	Honoria	Cummings	hcummingsi3@slideshare.net	Female	382-44-1579	d970cddb-4493-4d02-b83b-522b2d9d802b
653	Flo	Le Frank	flefranki4@feedburner.com	Female	120-70-4069	564e1466-ec81-450b-b0d4-587ba5164256
654	Annabal	Whetnell	awhetnelli5@webnode.com	Female	379-32-9413	1e98b49f-ba33-4588-9f56-350081f9780b
655	Shurlock	Hansom	shansomi6@sciencedaily.com	Male	341-25-1213	11791cba-44bb-4859-9a96-40c8c7b81d34
656	Monti	Risbie	mrisbiei7@altervista.org	Male	782-02-6066	ce219948-3337-4209-86f9-5ed58135b99b
657	Krispin	Horlock	khorlocki8@wiley.com	Male	692-75-2941	72c17e64-3a6a-4840-a0be-0930ed04be30
658	Rossie	Santorini	rsantorinii9@washingtonpost.com	Male	265-60-7394	eafb6751-15ca-409f-a894-4cc6651ae457
659	Reinaldos	Canton	rcantonia@wufoo.com	Male	141-72-8049	3fbaccd0-f731-4ddb-ae4c-f6d5eea63b05
660	Horatius	Byer	hbyerib@wiley.com	Male	471-28-7662	1517aeab-e409-4e97-aee1-32248189b4a2
661	Omero	Meaden	omeadenic@bbb.org	Male	663-58-3340	7b0913b1-ea47-46d2-a5a0-c03a84e04e36
662	Vance	Tame	vtameid@weather.com	Male	621-83-3917	1e508a83-c738-4d3b-a9ca-18ce4f2a6cde
663	Gerard	Crone	gcroneie@oracle.com	Male	559-33-8575	cac52963-acce-4499-a58e-7c530b6168f1
664	Rock	Sloyan	rsloyanif@boston.com	Male	662-90-6555	80753535-0c5c-4d46-9ed4-0c235eeec530
665	Cy	Diperaus	cdiperausig@imgur.com	Male	504-93-6626	65cbee37-b421-4d90-9d08-60c14bce3a84
666	Jessy	Brodley	jbrodleyih@sohu.com	Female	188-22-6521	765b4daf-6318-4fa6-a45a-a06f895088cf
667	Olympie	Shufflebotham	oshufflebothamii@dell.com	Female	733-16-1748	19436f0a-5aba-4c6b-9009-5881f2c7a4bb
668	Monro	Ipsly	mipslyij@booking.com	Male	781-84-8605	0563abb4-b374-4ba0-8ca1-d45fbbfae819
669	Romeo	Rawdall	rrawdallik@jigsy.com	Male	896-91-8179	b7f47a73-b05d-419c-b6c9-222c557f422a
670	Heath	Elster	helsteril@vimeo.com	Male	713-06-9599	72d8ee29-7618-4f37-9005-f29b5e8f35e5
671	Winston	Meere	wmeereim@tmall.com	Male	686-40-0823	8c36c064-871b-42a8-b723-7ce08f787367
672	Cloe	De Vaan	cdevaanin@mapquest.com	Female	463-97-7982	c0b6d711-b4e8-4539-905c-ecf4752c4e74
673	Dominique	MacIlory	dmaciloryio@narod.ru	Female	791-43-2292	2eda614f-a726-4c7f-8fc9-799cc9b6e34c
674	Ediva	Masterson	emastersonip@xinhuanet.com	Female	469-37-6629	b1c9ce18-3a0c-47fd-9973-e490eaddbd57
675	Torrin	Trays	ttraysiq@flickr.com	Male	432-72-5587	0839a73b-1a7c-418b-bebe-688872d0810f
676	Giselbert	Morey	gmoreyir@cbslocal.com	Male	633-92-4498	c118f6cc-7525-4dfa-99b1-4f16675fcdf9
677	Ranice	Jaram	rjaramis@furl.net	Female	412-06-2060	f3062b62-b3d6-4d2b-af62-bb9ad8c9144e
678	Dolley	Hamblen	dhamblenit@deliciousdays.com	Female	562-31-8245	028876f2-dcf2-48fc-ad31-18bd4ec670b5
679	Kippar	Mackison	kmackisoniu@joomla.org	Male	222-11-3048	b47ee490-008d-44b3-862b-f971a9523c15
680	Mychal	Tudball	mtudballiv@japanpost.jp	Male	563-51-0176	efa38341-6342-4e97-a6e1-6a9b21a79ea8
681	Noble	Cresser	ncresseriw@ed.gov	Male	674-06-8488	cddaa1e6-7711-4e9f-b52e-5b0fcb8cf3a4
682	Abbott	Grimditch	agrimditchix@google.co.jp	Male	531-37-0220	1429807e-894f-4be3-9a31-f27e06bb86f7
683	Roxana	Bruniges	rbrunigesiy@wikispaces.com	Female	475-82-1527	dc9b0e11-3ed6-43a9-b9d0-9445c89c9811
684	Jobi	Langhor	jlanghoriz@mediafire.com	Female	875-61-0089	786f5f68-aa9c-4492-9291-74afac80ee6a
685	Bren	Slight	bslightj0@intel.com	Male	824-76-8823	38bafd4d-0a44-482f-8cf6-d673a35a90af
686	Cyndi	Rennebeck	crennebeckj1@samsung.com	Female	632-65-0526	0b11f979-c9b5-4c39-bb54-8feb6798a540
687	Grier	Yoskowitz	gyoskowitzj2@psu.edu	Female	351-42-9226	bfed55c3-4745-49d8-bcad-1cb6ead0e436
688	Idelle	Lagadu	ilagaduj3@google.com	Female	697-53-0542	444d5e1f-75be-48d5-899b-86adaf8345e0
689	Dav	Fernanando	dfernanandoj4@telegraph.co.uk	Male	119-04-0884	32474f82-c014-480e-a232-6756605c3495
690	Corly	Josifovitz	cjosifovitzj5@squarespace.com	Female	146-07-8236	9507624c-b71c-4027-ab4f-0f55ca4aea5d
691	Lyle	Huffa	lhuffaj6@examiner.com	Male	832-54-5910	414cbae8-5b4e-4118-bdb8-6a5ebc9b39ee
692	Rey	O'Brien	robrienj7@amazon.com	Female	479-86-9271	557630b5-fa86-4e48-b607-1412a04f074b
693	Rudyard	O'Scanlon	roscanlonj8@yelp.com	Male	669-16-0613	241731e2-ec9e-42b8-ae46-c717578067b7
694	Odetta	Cecchetelli	ocecchetellij9@meetup.com	Female	510-95-5599	fd86ae5a-dc3e-4315-b2b1-0d54f25d588e
695	Romeo	Margeram	rmargeramja@diigo.com	Male	358-04-2046	000c9271-9d15-4737-a624-46198d3c3161
696	Hyacinthia	Coo	hcoojb@liveinternet.ru	Female	694-77-4199	b679e7a1-4397-457f-a6f6-3fd639df13ed
697	Dorita	Rigbye	drigbyejc@marriott.com	Female	480-02-2229	11997b90-3b86-406d-b990-7263ff856b32
698	Martin	Caveau	mcaveaujd@printfriendly.com	Male	674-33-4506	5f1cb3e3-328f-4624-99f6-c4263974e54f
699	Mike	Oddy	moddyje@twitpic.com	Male	635-57-4072	47281487-5eab-43e6-8bef-f5121573e6a8
700	Penny	Bubbins	pbubbinsjf@arizona.edu	Male	794-77-9065	1b389223-13cb-4ad7-9d9d-209b5dccf88c
701	Lettie	Burbudge	lburbudgejg@samsung.com	Female	497-71-2770	30ac6740-e63a-4144-8f56-0ea56243430b
702	Cesare	Armell	carmelljh@mysql.com	Male	693-87-1179	3cd8817b-91b0-4a5f-b2ff-2090c5e88a9c
703	Lalo	Lanphere	llanphereji@va.gov	Male	274-11-5542	fb8bdd45-9d46-4348-a858-dabad5e3f0d1
704	Amity	Harbertson	aharbertsonjj@wiley.com	Female	473-87-7807	1d3b4347-39d1-45e7-8fc0-5466987aff8f
705	Shoshana	Shearstone	sshearstonejk@twitpic.com	Female	869-12-5108	0e0ef360-c7e0-4e8a-82ee-7a866c51d4f8
706	Amalie	McClaurie	amcclauriejl@tripadvisor.com	Female	492-63-8859	06d43f99-a2d5-48a4-b995-6b669c3ee00c
707	Randell	Tewes	rtewesjm@zdnet.com	Male	865-76-6605	24b07903-708a-446d-a55d-2b53ca5268f8
708	Meredith	Hebblewhite	mhebblewhitejn@storify.com	Female	801-59-3285	83a9950f-bd16-471b-a9a1-0c5758ec1cae
709	Shawnee	Wesgate	swesgatejo@github.io	Female	892-03-0520	db887bfe-c37d-4b4f-a52b-bb2a4f4f01b3
710	Emeline	Carnson	ecarnsonjp@berkeley.edu	Female	433-87-3811	e043aa96-c120-4e59-a11c-cdf969647925
711	Berny	Gallimore	bgallimorejq@spotify.com	Female	476-13-4802	008fca0c-3c1b-4a7b-a040-4404f22a829a
712	Davon	Wozencraft	dwozencraftjr@npr.org	Male	585-16-9032	0c32bed6-c9c6-4884-bdb4-56996ef1d871
713	Amory	Marquis	amarquisjs@fc2.com	Male	893-19-6938	c974d9c6-f353-4590-beac-0bcd0ad1e8ce
714	Douglass	Tozer	dtozerjt@google.cn	Male	634-58-6441	7518c80e-3371-4a29-a696-9cfd6a156eb6
715	Yardley	Chappel	ychappelju@huffingtonpost.com	Male	636-11-4739	f2a94b61-8954-4ae0-810d-8f88a58c717e
716	Anthony	Piggott	apiggottjv@engadget.com	Male	551-80-9695	e43d534e-f7dc-44bb-a4f1-06fbdce26337
717	Philbert	Pike	ppikejw@acquirethisname.com	Male	410-54-1109	7303b868-0ba7-46f3-bc9f-5f3314ed44d2
718	Faber	Ballendine	fballendinejx@flickr.com	Male	740-37-4404	068305b6-0142-4a9b-a5ed-a85ee6de70b9
719	Brion	Storrs	bstorrsjy@umich.edu	Male	214-51-4532	7fe322eb-6eed-4ec2-8877-f9ec6bb2e214
720	Roshelle	Goldsbrough	rgoldsbroughjz@technorati.com	Female	187-22-6535	b310dd28-dbbf-4473-8e8c-0c5a9fe66621
721	Dael	Jeste	djestek0@example.com	Male	208-87-0200	935e3370-138f-42a3-a43b-46e1429600f4
722	Sayre	Oran	sorank1@studiopress.com	Female	442-44-8599	11b77c94-314a-4c06-9f9f-fb55b82f6a2c
723	Chantalle	Vittore	cvittorek2@unesco.org	Female	712-96-3415	28af880a-37ab-40c1-b7d7-91d46beab27f
724	Rustie	Grigoire	rgrigoirek3@timesonline.co.uk	Male	647-82-9141	1bf0097b-31d3-427a-a5d4-affae1acae6b
725	Neall	Tear	nteark4@census.gov	Male	785-66-0651	acd2615c-a7c4-4188-b2bc-1a788dbdb57d
726	Colan	Dockrell	cdockrellk5@upenn.edu	Male	680-61-6270	b291921f-ae01-4d77-a381-4102c4246a97
727	Cosme	Bumford	cbumfordk6@lycos.com	Male	231-61-8381	cabe5762-dfe6-4670-95e9-c56373baf3a6
728	Randie	Pelos	rpelosk7@rakuten.co.jp	Female	854-88-4344	701ba58f-d963-48b2-aa51-a3eaca05740f
729	Cyndia	Franceschi	cfranceschik8@mapquest.com	Female	625-06-8507	942917f0-8e2f-4e2b-8295-14a3a08ff21f
730	Skippy	Shakelade	sshakeladek9@tuttocitta.it	Male	634-14-4291	a9ba7b24-71ee-42a6-a09b-89a2784b1b8c
731	Aubree	Abrahamson	aabrahamsonka@wordpress.org	Female	451-97-7603	8958e0d3-31f9-4e52-b9f4-da7ec3dd63f7
732	Mollie	Goodings	mgoodingskb@squidoo.com	Female	323-89-1287	ecab5b7f-c727-4efb-92ec-db441709aff6
733	Earl	Hendrix	ehendrixkc@mozilla.org	Male	617-55-9417	d2d55961-dd23-4557-983f-2aeb0ca5ef22
734	Christiano	Mac Geaney	cmacgeaneykd@weebly.com	Male	665-11-7850	62a218fc-11f9-411f-9cb3-b097d43c8649
735	Maje	Horribine	mhorribineke@theguardian.com	Male	491-82-6500	736af807-4704-453e-acd1-8e6412f5dd20
736	Aurelie	Willerstone	awillerstonekf@drupal.org	Female	516-28-7511	44d3e668-0c7b-4c4a-9408-08acf19af031
737	Diandra	Graybeal	dgraybealkg@go.com	Female	821-44-2806	dd67185e-f88a-4852-88dc-b43644d895a1
738	Virginia	Cressor	vcressorkh@state.gov	Female	733-01-1436	84fd4d18-4e5f-4b8c-9637-a43fc26edca3
739	Kelby	Caghan	kcaghanki@google.nl	Male	703-75-5414	eb9e8ea1-70be-46fe-aaf2-43ff75b2f3bb
740	Neil	Robson	nrobsonkj@state.gov	Male	493-57-4710	7c67576b-8051-4586-b90b-fd45ad24f5f6
741	Rawley	Hagston	rhagstonkk@xing.com	Male	133-48-4628	ac56d15d-9970-4699-8c86-6f33b1184295
742	Marthe	Santostefano.	msantostefanokl@hugedomains.com	Female	225-12-3139	569aaae0-5e45-40c7-92de-4643df4b1f54
743	Dieter	Jacquest	djacquestkm@unicef.org	Male	821-91-5916	9d724f45-b76b-4fde-914b-326001e61c2b
744	Kristin	Debnam	kdebnamkn@eventbrite.com	Female	129-48-0341	8ab39a41-421c-4141-9dcb-e10b0c4006b5
745	Fergus	Kinkade	fkinkadeko@google.cn	Male	278-06-2094	e473e127-21e4-4af4-a1b9-2c921f232518
746	Hersch	Boncoeur	hboncoeurkp@wsj.com	Male	797-23-9710	f22c77f5-7a37-4758-9550-547bc3fb3bbe
747	Livvie	Torre	ltorrekq@nytimes.com	Female	251-38-6688	83932ad3-03eb-44d0-8ced-dc458f8c0645
748	Giacomo	Harbidge	gharbidgekr@multiply.com	Male	546-20-8155	96f77e60-61b8-45a3-b401-c0c9bb004920
749	Jerrold	Tuffield	jtuffieldks@4shared.com	Male	305-04-5646	b2ba8d90-7a48-4476-be1e-105eecdb74be
750	Bourke	Gallamore	bgallamorekt@51.la	Male	112-33-5527	7706d023-e5d5-4419-8272-5fd030e902db
751	Allen	McPeake	amcpeakeku@independent.co.uk	Male	501-62-0314	4a50e9bb-dc18-458f-827a-b14f17ca3420
752	Neall	Eldered	nelderedkv@homestead.com	Male	320-29-7751	e3b17f23-b532-4f21-9dae-a85097f8e7fb
753	Georgie	Heald	ghealdkw@cnn.com	Female	510-73-0520	f5de0f84-f7b0-4d63-ba63-3b9b4b393ff7
754	Cart	Emberson	cembersonkx@ovh.net	Male	621-11-8329	bd26e9f8-f4b2-4cf2-b93b-9ea1c4409086
755	Arvy	Somersett	asomersettky@creativecommons.org	Male	615-21-9543	dd6712df-8d23-46ca-b8b8-c9d9e938412b
756	Aylmer	Baake	abaakekz@geocities.jp	Male	475-75-6671	b32a1827-4efd-4f4f-bc25-8cfac5d84b9c
757	Joseph	Snoxill	jsnoxilll0@webeden.co.uk	Male	441-55-2037	3f388b4f-9365-4a84-bfca-37a7b9e9deaf
758	Esmeralda	McAlester	emcalesterl1@umn.edu	Female	730-50-7114	f85980fe-7656-41f6-9899-904561625bdc
759	Randell	Flaverty	rflavertyl2@printfriendly.com	Male	870-13-1460	900cc200-9f0c-4a98-9f3d-1ce301c73610
760	Lina	Mor	lmorl3@photobucket.com	Female	626-67-6061	69a29fbb-536b-4fc4-a332-4d1cb2cf9679
761	Frederik	Castana	fcastanal4@ocn.ne.jp	Male	503-85-9579	87264a8f-e5f6-40f8-82d0-8674b61819d7
762	Muire	Picken	mpickenl5@symantec.com	Female	698-41-3247	3237c192-dad8-4abc-b366-84744ee6811b
763	Rhett	Gillebride	rgillebridel6@telegraph.co.uk	Male	497-81-5039	120c9170-064f-43b5-8ccb-289aca90e448
764	Rupert	Breadmore	rbreadmorel7@usnews.com	Male	647-98-1164	c13b9c64-e027-4bd5-8237-8d9aeed5b557
765	Wallas	Starsmore	wstarsmorel8@icq.com	Male	370-82-0481	a3aececd-e096-4d4d-9ebd-630fcd2e9a5e
766	Pebrook	Cotterel	pcotterell9@fastcompany.com	Male	507-59-1108	f6db26f8-2b7e-4c01-ad84-734f65263d14
767	Teddie	MacClenan	tmacclenanla@xinhuanet.com	Male	412-25-0667	7051ed7c-8051-4f7f-92a4-bc19567d29f2
768	Kendall	Mundwell	kmundwelllb@nytimes.com	Male	210-05-1730	9c3f83b7-fd2d-4cdc-a077-54bf8da4bcec
769	Joel	Swiggs	jswiggslc@woothemes.com	Male	192-91-9592	a0907f5d-457f-421c-9a4e-ce88187d4390
770	Rosabel	Arnison	rarnisonld@163.com	Female	350-76-4976	bf8816da-c92f-432e-9b6b-4a88e8e6560b
771	Boyd	O'Cuddie	bocuddiele@technorati.com	Male	529-40-8630	dd138cd6-61e6-42d6-ad02-1042f97f7f1d
772	Henrietta	Raggitt	hraggittlf@google.fr	Female	230-43-9196	6a48fbc3-c405-4709-9f3e-07dc5fb9584f
773	Petrina	Menlow	pmenlowlg@multiply.com	Female	303-91-5369	c3c85e24-b12f-444b-bdc7-650e1125ed9d
774	Jsandye	Griswaite	jgriswaitelh@cnet.com	Female	449-66-4593	3b1f180a-ef66-4b60-9e76-14149a8959bb
775	Jarret	Boliver	jboliverli@feedburner.com	Male	676-19-8160	8cdd9a2e-a348-404a-b9c1-8aa71db68556
776	Todd	Shuter	tshuterlj@jimdo.com	Male	428-03-7694	be6476c9-244e-4641-8d1f-18f94a49d78f
777	Davin	Satchel	dsatchellk@issuu.com	Male	143-91-1359	ce43e4d9-1564-456b-88b4-8d9e63080a1d
778	Anica	Yegorovnin	ayegorovninll@intel.com	Female	233-33-6997	d49f6686-98fe-4374-8710-593701ccb88a
779	Hewitt	Keysall	hkeysalllm@flickr.com	Male	810-57-4304	33de657c-89f0-4fc8-a9ff-ae0240a0a199
780	Barney	Cockell	bcockellln@prlog.org	Male	824-71-7685	fa02f162-27f9-40e5-a5af-3ba54e015e56
781	Tedd	Kovacs	tkovacslo@over-blog.com	Male	604-45-1267	010a8ba4-44bc-409f-ab4e-01d4d69ef875
782	Tristam	Dumingo	tdumingolp@gnu.org	Male	647-32-2404	e8c425dd-dfd9-49bc-a071-6b8dfc47f695
783	Bartolomeo	Mackison	bmackisonlq@chron.com	Male	245-03-8322	e6d72ddb-b579-4dc5-bc7f-ee16b319ec42
784	Rickie	Dannehl	rdannehllr@usatoday.com	Female	110-88-4558	44c23899-d31f-4ea8-9cd9-938819107d27
785	Aryn	Bente	abentels@wsj.com	Female	817-46-8990	ae19e10e-7303-46d3-9f78-7ae182fc93b2
786	Frederic	Cumine	fcuminelt@webs.com	Male	482-11-4634	bdd59a9d-3020-4652-bc60-b46e1d964054
787	Farr	Ulster	fulsterlu@eventbrite.com	Male	580-23-5289	f218b990-2f23-4e9a-b037-b68549f80e12
788	Jeffry	Hackworthy	jhackworthylv@skyrock.com	Male	632-04-8524	acb3f53c-db42-405b-a5fa-57eb18db2281
789	Wyatan	McCerery	wmccererylw@gnu.org	Male	114-64-5618	0c2b97c0-9c3b-4b07-8233-a0df60272f06
790	Shannen	Sired	ssiredlx@163.com	Female	170-85-0308	a76884e0-dd9e-4fc0-a581-1797eaf023ff
791	Eberhard	Abramino	eabraminoly@ehow.com	Male	473-04-7467	ade2f969-7c21-4fc5-8c45-4492a5bbca06
792	Charlotta	Sinnat	csinnatlz@google.de	Female	423-77-5157	935da195-8ef2-45b8-9fac-7bf0f4a52714
793	Torrey	Callf	tcallfm0@redcross.org	Male	409-87-6174	9a8c0659-4a06-4208-8a83-3f284ba36704
794	Maryl	Migheli	mmighelim1@csmonitor.com	Female	414-82-6515	2a8e3a4d-53a7-4af5-aeed-3f4a126eeab3
795	Micah	Wortman	mwortmanm2@scribd.com	Male	149-43-4418	208815aa-a630-486f-a75f-bd2b458024f2
796	Piper	Caddens	pcaddensm3@topsy.com	Female	697-06-1553	b02b7069-ddd4-4e03-b242-64b51c878737
797	Percival	Spofford	pspoffordm4@state.gov	Male	525-48-6372	c595ed02-bf42-413d-8829-8674cb8e5d86
798	Mabel	Brigg	mbriggm5@virginia.edu	Female	861-40-3395	806e45a7-370b-484a-8ccc-0f89a8b23085
799	Margret	MacKnockiter	mmacknockiterm6@surveymonkey.com	Female	845-31-3427	8d8d2b6c-8842-4002-97e0-5c742af77cf6
800	Silvie	Chevins	schevinsm7@i2i.jp	Female	816-69-5692	38defe94-e969-4f48-99d0-523e0570670b
801	Grazia	Hegge	gheggem8@goo.gl	Female	238-81-9288	f4b0261d-085a-43b2-88e6-8c66308a76c0
802	Zola	Ranyard	zranyardm9@comsenz.com	Female	735-31-6514	d4ce7d92-bf55-4570-9625-62c4723821ee
803	Randall	Cowope	rcowopema@patch.com	Male	698-92-4181	426e584c-80c5-45ae-b909-47a2e322b9e0
804	Guy	Coupland	gcouplandmb@sciencedaily.com	Male	833-02-9858	9428d6a3-ba91-45a8-80d4-4c1169d3e346
805	Gleda	Meachan	gmeachanmc@nyu.edu	Female	227-56-6372	a1c3ee6d-921f-4a59-bc34-0fd7e305ab83
806	Schuyler	Temple	stemplemd@independent.co.uk	Male	215-58-2967	1be188ac-5a4a-43ff-b313-78a228418a08
807	Deny	Middas	dmiddasme@youku.com	Female	851-25-7420	1bd9e1f4-bebb-4253-b010-eae26b2e4d84
808	Nelle	Rushmer	nrushmermf@utexas.edu	Female	661-37-0913	99b71932-d882-447d-91d6-c4551d91b9d2
809	Sunny	Eastwood	seastwoodmg@rakuten.co.jp	Male	731-27-6801	075b2028-f83a-4b53-bf3c-6ee26d3a6400
810	Alethea	Cow	acowmh@clickbank.net	Female	791-84-5468	9f425f77-4d10-42b7-9289-b1995756c75a
811	Harlie	Warboys	hwarboysmi@seesaa.net	Female	333-01-1495	13411ae7-60f9-4417-8229-00f90d54ece7
812	Celle	Maynell	cmaynellmj@parallels.com	Female	601-96-0492	e1bace8c-9f2c-44f6-9a11-f59bd106953d
813	Maurizio	Mabbutt	mmabbuttmk@google.ca	Male	803-93-5090	e3f86744-1360-4317-8608-4b018d34ef6f
814	Ahmed	Brickstock	abrickstockml@blogtalkradio.com	Male	469-25-8213	e1c4fa8d-4919-4dff-b269-f7b589b6920f
815	Noll	Ohrtmann	nohrtmannmm@who.int	Male	806-54-4651	f1537df1-2951-4c97-a659-31b4000ae203
816	Karalynn	Pover	kpovermn@wix.com	Female	392-78-5777	684394ad-fbc3-4453-b1df-5ef623705a71
817	Toddy	Goodacre	tgoodacremo@psu.edu	Male	765-26-2118	a4dd2a55-b207-4a56-9706-1c486f0663f9
818	Allie	Sellars	asellarsmp@usgs.gov	Female	563-12-6784	f443b07e-79df-44c1-9f92-dee65abf1dd4
819	Estelle	Paff	epaffmq@phoca.cz	Female	165-87-9736	3d071175-6707-4426-bfcc-ae02737bce8e
820	Josephina	Upjohn	jupjohnmr@hao123.com	Female	560-04-8441	406d0e24-7725-4921-aaaa-57e8e7dcb6dd
821	Whitney	Platts	wplattsms@usatoday.com	Female	239-31-0490	801a586c-cffe-4ccc-a6fa-fc4b7958714f
822	Alanah	Heigold	aheigoldmt@artisteer.com	Female	395-32-4344	f3692935-aa10-4d92-8901-e81465c98254
823	Howie	Garcia	hgarciamu@facebook.com	Male	681-15-1923	f7ab4769-938b-4fdb-806a-ebb8561ccef1
824	Wendy	Bletsor	wbletsormv@nasa.gov	Female	439-62-8252	b3fc7cbb-b1f2-4f90-a063-8455acdb9955
825	Hart	Jain	hjainmw@behance.net	Male	412-11-5087	c0e76c52-7096-4257-9809-567eb96a6737
826	Teri	Volker	tvolkermx@chron.com	Female	620-86-1371	7d457e35-4595-49d6-9e99-672f9a2bf6f4
827	Elfrida	Pala	epalamy@wiley.com	Female	114-98-8661	7ec6a131-435b-4479-b119-d59d9557d158
828	Tull	Sydney	tsydneymz@discuz.net	Male	554-51-2492	c03b322e-7585-49b8-96a2-3fa098c18519
829	Lucilia	Finden	lfindenn0@flickr.com	Female	525-53-1221	54435c3d-1fef-4609-9db3-3749c8635c4a
830	Geno	Lyst	glystn1@google.it	Male	516-90-3494	fa6fd877-26c2-4c4d-b9ee-660d0edbc3a8
831	Darci	McKeating	dmckeatingn2@hao123.com	Female	569-23-6392	7c1cf672-3d52-4a20-b406-7a2cf64ad580
832	Darrell	Celier	dceliern3@topsy.com	Male	379-14-7698	3a2ba5e6-a34d-4826-a4aa-e7d80866a88d
833	Rollins	Cockerell	rcockerelln4@cbsnews.com	Male	400-83-6973	bae79a8a-17d7-42ea-96f7-863ea3f3b444
834	Yance	Matys	ymatysn5@purevolume.com	Male	245-59-0484	2e27891e-397f-4615-b74b-68337aa4e0c9
835	Brigg	Paskerful	bpaskerfuln6@list-manage.com	Male	544-90-1912	f5437087-1aa4-409d-a384-85c8c77144d9
836	Pauli	Beckensall	pbeckensalln7@google.fr	Female	266-15-7507	e96d0dc0-bda4-4fd1-85cd-6603434b22b0
837	Tann	Bricham	tbrichamn8@domainmarket.com	Male	237-49-7454	d437c056-2af8-4479-b653-863760a995f5
838	Melinde	Mapstone	mmapstonen9@archive.org	Female	143-12-6741	445e90fa-acf0-47f2-bb81-fafd0fc3aefb
839	Katee	Yakuntsov	kyakuntsovna@friendfeed.com	Female	489-66-7323	d61d03ea-700f-4a15-9989-745579da3773
840	Sanford	Johnigan	sjohnigannb@latimes.com	Male	504-99-6426	8fb97cbd-ee95-463c-a7a6-bd918059b029
841	Phedra	Thurstan	pthurstannc@apple.com	Female	608-61-1478	8d68864b-4eaf-4ed5-97e7-de22b44aa583
842	Reyna	Snoddon	rsnoddonnd@newyorker.com	Female	288-98-5703	4cce3ee6-7168-4ada-863f-9719b718fe9c
843	Thaddus	Sailer	tsailerne@house.gov	Male	512-06-4570	68f3f56d-2bf7-45d7-be18-caa150874b51
844	Piggy	Lawman	plawmannf@google.cn	Male	443-66-6871	391301cb-d878-4d93-91b0-4870ae50aa4e
845	Karolina	Moens	kmoensng@g.co	Female	362-39-5911	09886295-5590-4f72-b968-7d63a32a3de6
846	Gabriel	Gerrelts	ggerreltsnh@elegantthemes.com	Female	731-30-7388	94730426-448e-45dc-8493-6b13911a787a
847	Any	Simond	asimondni@oaic.gov.au	Male	270-28-0924	91aae15f-1295-471b-8a57-2f9a8d5b161e
848	Valry	Spelman	vspelmannj@mapy.cz	Female	662-59-8815	ce90c8f6-0d35-4004-bf25-6df237ed8b34
849	Flo	Joly	fjolynk@devhub.com	Female	791-61-4468	dba6fcc2-392f-49d0-9869-95df2c678bfc
850	Langsdon	Clougher	lcloughernl@buzzfeed.com	Male	294-81-5712	f4a80632-a467-48d6-bf94-217c4bc1d4bc
851	Sidonnie	Baser	sbasernm@pinterest.com	Female	710-52-1491	46856b9b-42c4-41a6-89fe-c9c1ce3e4775
852	Elvera	Van Cassel	evancasselnn@ebay.co.uk	Female	300-05-3219	4f340c78-8dd7-456c-9262-46acbdac52ea
853	Koo	Bilverstone	kbilverstoneno@biglobe.ne.jp	Female	189-82-7507	de78dead-5a08-48cb-a907-c5d9f6ca7cb4
854	Cary	Gillings	cgillingsnp@nba.com	Female	894-45-7801	f50e9541-36fd-42d7-a82b-288467861b2c
855	Issiah	Withur	iwithurnq@pcworld.com	Male	441-79-9922	5cb9b345-94e4-4079-aa78-bce4ef0249aa
856	Ham	Gulliford	hgullifordnr@friendfeed.com	Male	552-55-6964	7c50b12b-244a-4e31-9e82-75aa20a23ac4
857	Tedi	Zamorrano	tzamorranons@soundcloud.com	Female	505-32-3479	d98bce60-ac4a-41c8-9ed2-519e9f29bd99
858	Shawnee	Fattorini	sfattorinint@adobe.com	Female	883-92-9993	ec5167c8-1922-42a8-94c6-9259059d9654
859	Brucie	Bruckstein	bbrucksteinnu@booking.com	Male	341-43-0777	e74b3e60-7350-4585-840b-e9acc74f9dcf
860	Byran	Whittet	bwhittetnv@chronoengine.com	Male	659-20-1912	24854b29-cbcf-485c-ad57-8223e26f7dea
861	Thatch	Rhymes	trhymesnw@simplemachines.org	Male	836-97-2997	f4825927-4fb3-4682-a5b1-2a7e373459f6
862	Rockie	Wyldbore	rwyldborenx@quantcast.com	Male	306-56-8170	ce56f694-c150-4d0c-9828-714f5befae96
863	Lilas	Farnham	lfarnhamny@state.gov	Female	179-41-6756	3072b176-2ba4-4474-b3cd-4e1169c1e4aa
864	Gabi	Le Pruvost	glepruvostnz@xing.com	Female	630-96-2539	2f332fd6-56fc-4559-a588-e22cc8960d00
865	Conny	Webborn	cwebborno0@newyorker.com	Male	466-70-4892	f9e087ba-16e2-4796-b0a8-b160ceaabe54
866	Ulrika	Ovesen	uoveseno1@arizona.edu	Female	523-57-9553	b0856145-0f71-4f1e-b113-b2170b55a16d
867	Layney	Reubens	lreubenso2@rambler.ru	Female	579-50-2466	f206dc0e-7913-4290-b005-0907f8df9ebe
868	Ilario	Hadcroft	ihadcrofto3@mapy.cz	Male	134-63-7712	931f7cd3-90af-4128-b964-1d3ff764d36e
869	Conant	Beazleigh	cbeazleigho4@yahoo.co.jp	Male	529-34-5301	830cb1b4-0887-4494-8682-59c2d81dc6ca
870	Sula	Baglan	sbaglano5@usatoday.com	Female	679-95-6240	a1907f5b-16f8-4b8a-9940-c60e8047e5f5
871	Danell	Coggon	dcoggono6@etsy.com	Female	257-37-3562	7803cf47-0cdd-4c09-a4eb-7baa497fda1f
872	Elaine	Lymer	elymero7@free.fr	Female	650-99-9691	8406ad8c-499c-402a-a694-3b19af32fae9
873	Thomas	Chiese	tchieseo8@cocolog-nifty.com	Male	133-12-8709	3f538259-257a-4c1d-99f6-8371e61d78fe
874	Ernie	Phipson	ephipsono9@mashable.com	Male	744-89-8570	a747606e-80b1-457a-b495-736f3dc2a474
875	Noreen	O'Loughlin	noloughlinoa@hud.gov	Female	756-26-6251	34c8795d-ef3b-4a05-bdbe-9967e7225226
876	Buddy	Fitzroy	bfitzroyob@myspace.com	Male	195-23-6312	28f4e341-dc0f-42b2-bc11-820025fc8261
877	Shane	Martinet	smartinetoc@cnet.com	Male	555-67-7703	47baf277-06e7-4089-8cfd-fc1f8b10defe
878	Carolin	Surguine	csurguineod@jalbum.net	Female	249-83-5888	f9b820e2-0482-421c-87f0-a04ca7ba4651
879	Malorie	Lummis	mlummisoe@live.com	Female	237-52-1130	c33e4c73-c57c-45cd-b652-066dda1ae740
880	Everard	Lambis	elambisof@wunderground.com	Male	811-77-4059	e3c11343-fcce-47a8-a2d1-7b45b5427056
881	Nannie	Elloway	nellowayog@studiopress.com	Female	398-65-7023	de567df3-371b-4a3f-94cc-0ee5870366b4
882	Estel	Gelly	egellyoh@cbc.ca	Female	615-21-7873	f1993aec-8309-4426-ab98-1cc676fc0020
883	Jean	Bispo	jbispooi@diigo.com	Male	815-83-7565	338ee1d8-383e-4ccb-aba7-054cfb23a4aa
884	Claudian	Dragonette	cdragonetteoj@reference.com	Male	749-30-7229	c313d7ac-6b01-4671-88b9-4eec8f0c4b51
885	Cristian	Garrow	cgarrowok@abc.net.au	Male	210-16-3349	6b98a4e7-ce59-4de3-932e-944ea150c1d1
886	Farand	Diprose	fdiproseol@mail.ru	Female	669-01-7993	dc85f6ea-fd26-4b17-93dc-1cea1342f890
887	Wendell	Dyson	wdysonom@tumblr.com	Male	496-54-4407	7676d687-848b-4d84-a707-2f940586c020
888	Libbi	O'Day	lodayon@shutterfly.com	Female	619-77-9567	a9c4ffb2-f1fe-47f0-bcba-89609af160fa
889	Beitris	Merfin	bmerfinoo@canalblog.com	Female	855-84-1584	8275dd6b-5bea-4004-b8e1-3332f842f268
890	Evvy	Syfax	esyfaxop@ning.com	Female	303-13-3709	efe38df1-fcc3-499c-9889-4af5c73be289
891	Sigmund	Randlesome	srandlesomeoq@va.gov	Male	453-11-8770	0e94be9c-caf8-4ef9-804c-58e3ed1816f9
892	Conchita	Kitchenman	ckitchenmanor@census.gov	Female	410-86-8017	ea12a115-3899-48b7-923a-75d940a859e8
893	Shina	Bottomley	sbottomleyos@twitter.com	Female	888-46-7076	95a8342c-e016-49cb-868b-e7dba85843a9
894	Reynolds	Stockney	rstockneyot@constantcontact.com	Male	844-12-5300	f2f8d101-5c5b-4db8-9198-0dddcda0cd45
895	Fannie	Jedraszczyk	fjedraszczykou@ucla.edu	Female	257-17-0144	08c0afd4-9d93-46a1-9daa-30f3f36292fe
896	Tybalt	Wogden	twogdenov@rambler.ru	Male	624-57-7888	18bdcdea-cbe1-4354-9534-c6ed04aa84d9
897	Chloris	Brunnen	cbrunnenow@oaic.gov.au	Female	409-05-1438	3e9d7281-bdaa-4164-99fe-cd45650811b6
898	Vicky	Bent	vbentox@example.com	Female	495-02-6212	a7611efb-cf7b-4183-93fa-f0a01b2d5705
899	Chiquita	Salle	csalleoy@clickbank.net	Female	625-22-2039	65241ecc-f658-4fcc-84de-2bdfd61eee29
900	Kinnie	Parmenter	kparmenteroz@godaddy.com	Male	102-96-9629	de4640b8-5507-46a7-90be-14cabe7f0481
901	Padriac	Pitkaithly	ppitkaithlyp0@woothemes.com	Male	240-01-2347	e2d29d50-6c03-4244-91f2-7dbf8a40b6a4
902	Lindsey	Luard	lluardp1@sphinn.com	Male	219-40-2269	0239fb43-b13d-4379-86c4-ffa924def11b
903	Elwyn	Pudsey	epudseyp2@nps.gov	Male	474-59-3579	99c70702-e505-4a90-8f0e-cf6c97748b64
904	Duffy	Henlon	dhenlonp3@google.ru	Male	265-51-4363	cb17d0f0-3229-48f4-99f3-74003a0fbfe3
905	Corbet	Clement	cclementp4@vk.com	Male	155-39-0849	cfaf5d28-3401-48d3-a929-ba8d63d44d2f
906	Hyacinthe	Daley	hdaleyp5@edublogs.org	Female	162-36-6652	b4ca6c5f-08fa-4d83-b38d-6c716b7df60e
907	Yancey	Guly	ygulyp6@slate.com	Male	676-68-3633	3714328b-58be-43f1-9b4d-7db134a3a84c
908	Ginger	Ferry	gferryp7@topsy.com	Male	715-44-3798	51291386-bac7-4d42-8836-ccf69e3c4ce6
909	Nathan	Minguet	nminguetp8@businesswire.com	Male	757-92-6430	71e34129-8278-403c-8362-0371a111fade
910	Zarah	Dikelin	zdikelinp9@merriam-webster.com	Female	257-71-0861	20f4239d-c5e9-4832-99f9-1cd636af0110
911	Athene	Soigoux	asoigouxpa@google.com	Female	881-77-6524	13c543d9-56f4-417c-a70c-3426ab00049d
912	Vinni	Elmhirst	velmhirstpb@parallels.com	Female	669-63-8708	c385d231-c7cf-4b2d-b424-be4cd1db72b8
913	Tania	MacLachlan	tmaclachlanpc@economist.com	Female	746-81-3113	f0d3a261-001d-4ec8-8752-2d365b2caf61
914	Allissa	Arrighi	aarrighipd@1und1.de	Female	108-23-5601	311cfd86-c81c-43e2-ae4c-0499ae2f11ec
915	Cynthia	Hunting	chuntingpe@ed.gov	Female	551-57-2805	9a149725-1088-42ec-b27a-ea01a8c627d8
916	Tanney	Tryme	ttrymepf@aboutads.info	Male	430-04-5280	480b4550-6510-483f-b156-715309dc0ff6
917	Pauly	Meininger	pmeiningerpg@dedecms.com	Female	246-94-7489	fad399f3-6a83-4b51-a70d-a88aef397ee3
918	Rodolph	Bickford	rbickfordph@google.nl	Male	717-99-0141	e72e3327-b1ab-4995-bedd-84c532a3a53f
919	Marquita	Cornelis	mcornelispi@nsw.gov.au	Female	676-46-1692	a0f2ba0c-3acf-4423-aea6-04e5fe36bb15
920	Nikki	Spurier	nspurierpj@ebay.com	Female	315-14-2639	8bcd3898-f666-4dd9-ac8c-3279e5dc2e1e
921	Sutherland	Burbage	sburbagepk@dailymotion.com	Male	179-10-5916	063f35f6-a7a7-4c8a-995f-6a560e45ca9c
922	Emmet	Verlinden	everlindenpl@examiner.com	Male	614-27-1177	5199dc09-35e9-425e-ac58-97db556e4483
923	Tulley	Saunderson	tsaundersonpm@harvard.edu	Male	259-11-8944	31137ebc-013d-4c7c-848b-4e26762e71fb
924	Nichole	Gulleford	ngullefordpn@virginia.edu	Female	763-71-8174	ac5712bb-dc15-4dc1-b62f-de2b5d60f49d
925	Quill	Lorriman	qlorrimanpo@topsy.com	Male	244-66-1547	8bc1a90f-06ec-40d0-a726-ead26aeb65cd
926	Terese	Welburn	twelburnpp@accuweather.com	Female	591-22-5503	3dabb806-7f4c-4efd-a92a-096c5ccaffe9
927	Alfie	Timlin	atimlinpq@parallels.com	Female	438-86-5117	b9fa709d-aad1-4443-a593-274eb269a8cc
928	Janot	Farahar	jfaraharpr@pagesperso-orange.fr	Female	210-73-3083	34d52b55-bc34-442c-94d1-9652561f24e7
929	Marga	Piscotti	mpiscottips@jimdo.com	Female	198-56-6784	30fc7879-310f-458e-8a58-3c95a0b4c552
930	Pauletta	Marfield	pmarfieldpt@ibm.com	Female	800-65-0786	019110d4-1ce5-45e3-b80a-27d61adb2c4c
931	Merralee	Jobbins	mjobbinspu@netvibes.com	Female	548-37-5995	30b72c85-bbe0-40d8-9828-8b1cb1f8cc51
932	Boone	Gowland	bgowlandpv@pbs.org	Male	558-68-8029	8a1d6002-5f47-44e5-8240-8dc916247009
933	Udell	Zouch	uzouchpw@ocn.ne.jp	Male	355-33-7522	49ac07ff-1762-470a-8b42-dabc561af476
934	Husain	Alten	haltenpx@php.net	Male	523-73-1499	4e2e55c8-93d7-4743-a112-eee6cdb30988
935	Gran	Pleace	gpleacepy@census.gov	Male	626-38-9597	a453cc76-d062-44b8-863f-200d6daa7130
936	Florian	De Meis	fdemeispz@disqus.com	Male	161-82-2624	d2a5d398-7ec4-4670-a70c-99acfba97bfe
937	Tomi	Urrey	turreyq0@bing.com	Female	678-38-1832	8c27f7a8-09de-417c-89af-4c4af270225e
938	Lauralee	Boomes	lboomesq1@ft.com	Female	408-58-4487	d6eeb99c-b657-4979-b465-7756a1953f09
939	Scotti	Mattioli	smattioliq2@1und1.de	Male	893-54-9812	0f15cdb1-a2ff-4250-a218-60c925d262bc
940	Dulcia	Gonnel	dgonnelq3@bandcamp.com	Female	492-76-5580	78d80418-343b-4028-bde7-320f9a59bf89
941	Emylee	MacAlaster	emacalasterq4@bloglovin.com	Female	711-17-9614	12f4abee-4439-40d1-8d33-2a375871b576
942	Rad	Jovovic	rjovovicq5@adobe.com	Male	802-85-4607	f7b3a973-ebff-4254-9e4e-35de1cb99762
943	Lizzie	Woodwind	lwoodwindq6@netlog.com	Female	720-52-9444	2daf66a4-00e2-4bb3-831a-15729d448eb0
944	Lilas	Kain	lkainq7@quantcast.com	Female	279-60-9596	21a888c4-4056-4ff2-b1e1-3baf8fc66248
945	Welch	Cotmore	wcotmoreq8@histats.com	Male	482-57-4090	86e1fa7c-b476-4710-bfbc-f8a90527be1b
946	Lelia	Seamen	lseamenq9@webs.com	Female	435-88-4693	fb2f2b0d-bd43-4e36-8a13-1e82c57429db
947	Cob	Arnoult	carnoultqa@hibu.com	Male	612-79-2591	5dccf2ff-e6e6-4000-be8a-2fc6c2825647
948	Siana	Parrett	sparrettqb@fda.gov	Female	377-56-8012	e62992e7-aff7-4c63-8189-225692a84d99
949	Jeddy	Oulet	jouletqc@pagesperso-orange.fr	Male	795-63-3018	4dc2529c-21f7-4bd5-bc8e-387977415aed
950	Maurits	Ricardon	mricardonqd@cyberchimps.com	Male	148-04-0286	e955d504-7940-4317-9b7f-667f739d2897
951	Jourdain	Corhard	jcorhardqe@soup.io	Male	333-66-9218	c3acd846-f183-4ecd-abdf-9ef6af44251a
952	Rriocard	Pozzi	rpozziqf@51.la	Male	378-72-1930	bc8e7e89-79b9-48df-b941-50aaaefe7574
953	Stanwood	Warsop	swarsopqg@nytimes.com	Male	138-81-1210	0ce1aebf-940c-4e68-9775-2f04e7d77b10
954	Marisa	Garstang	mgarstangqh@storify.com	Female	179-77-5160	2160cc04-7c4d-4cda-9e4e-a3ef84ae3d8a
955	Arnaldo	Braferton	abrafertonqi@aol.com	Male	492-41-1750	0eb12669-a30e-489d-bcdb-acbe139efec1
956	Chancey	Baudin	cbaudinqj@sina.com.cn	Male	711-69-8912	59c1d2bd-d194-4620-bcad-5eb6bd00d4ed
957	Roscoe	Catmull	rcatmullqk@canalblog.com	Male	424-22-0811	5d09ccb0-22ef-4b97-819b-b9a24f7cd829
958	Philippe	Menaul	pmenaulql@unblog.fr	Female	296-30-3788	b961e5fb-de8b-4ba9-b4f4-a5ec1d2cccb4
959	Helena	Jeppensen	hjeppensenqm@loc.gov	Female	436-06-2764	b9d13a98-73a7-4a05-bd48-fc43039b8ce7
960	Wandis	Horrigan	whorriganqn@unblog.fr	Female	882-96-1646	5adaa13e-0e89-4db7-9d9d-252a005d7866
961	Carol-jean	Bossom	cbossomqo@fotki.com	Female	550-42-2555	7a2f92ac-bbdf-41e6-a92c-4213f0d535c8
962	Meryl	Thorndale	mthorndaleqp@digg.com	Male	483-15-1102	ebd63247-d828-484d-8ec5-33de1ae7e0d6
963	Mariquilla	Shiliton	mshilitonqq@ca.gov	Female	818-20-1974	f390db3d-e7c6-4526-97cc-d40376034464
964	Jannelle	Tiesman	jtiesmanqr@skype.com	Female	290-25-7610	399d5008-6601-4e18-a5c4-108d0d67ef3d
965	Natale	Lanchester	nlanchesterqs@reuters.com	Male	748-48-3521	cbf93c29-e7fd-45e4-becc-ef4917f58e98
966	Bambie	Instone	binstoneqt@oracle.com	Female	117-20-0751	e388488f-955f-44e2-9fa1-ddd581edc42b
967	Osmond	Curmi	ocurmiqu@gravatar.com	Male	530-80-4319	589dd16a-2d34-47f1-ad27-86859df188e2
968	Kristi	Croucher	kcroucherqv@independent.co.uk	Female	823-03-0240	bf3ecedb-2e36-4a22-9834-04bd13370f95
969	Currey	Brazel	cbrazelqw@sun.com	Male	737-85-6586	1754742a-c5a6-452a-8aac-98057daa125c
970	Ken	Torn	ktornqx@hexun.com	Male	173-96-7441	418c4584-8e62-480e-b5ac-0ba85513245f
971	Mariette	Pawelski	mpawelskiqy@sina.com.cn	Female	803-31-6785	8c6a16f3-8bd9-4cbc-a5ce-83c0704b6f10
972	Edouard	Tonge	etongeqz@wikispaces.com	Male	574-08-5594	79814ef9-d7e8-4ad6-8843-1dced5fe21a6
973	Pinchas	Baylay	pbaylayr0@ning.com	Male	176-10-4005	36153999-9f9b-4542-84cd-f85e3845a8aa
974	Steffen	Borell	sborellr1@phpbb.com	Male	557-99-2981	9938045e-a4f1-4411-aea7-c3e2fc31dca3
975	Lisbeth	Crates	lcratesr2@soundcloud.com	Female	722-54-3655	01aa995c-b37c-4153-bb03-6d5fb9e735ed
976	Bordy	Inde	binder3@buzzfeed.com	Male	795-50-0368	8b6b2d68-acb0-4548-968d-a794527f82ab
977	Allin	Melpuss	amelpussr4@live.com	Male	726-10-7168	7399e3f9-60ac-40eb-8b4e-a7df204b6357
978	Sterling	Pimm	spimmr5@bigcartel.com	Male	499-85-0348	e24a6187-898f-4c3b-a760-52158e624fbb
979	Woody	Bromont	wbromontr6@acquirethisname.com	Male	179-21-1434	f29f8db5-6a37-4be9-a0d1-0e3b5318ebb2
980	Hanson	Dakhno	hdakhnor7@craigslist.org	Male	855-16-6281	463e4373-6dce-49a4-a56e-b5fc4118f597
981	Dicky	Enticott	denticottr8@themeforest.net	Male	548-01-0454	e35c9ee0-237f-4f95-b633-ce3438efb975
982	Kinsley	Palphreyman	kpalphreymanr9@imgur.com	Male	883-45-3059	bdd5a9d1-5093-4b50-b7bb-721eeb7c53e7
983	Austina	Cheney	acheneyra@facebook.com	Female	650-28-3704	7facb54f-3c80-4105-8601-965a070b7eae
984	Evangeline	Burnsides	eburnsidesrb@xinhuanet.com	Female	494-75-8419	b61bb35d-2001-461f-b510-f6224e8919c0
985	Holli	Sparke	hsparkerc@princeton.edu	Female	282-77-3432	4efa6257-403c-49f4-b754-4b4736f5025b
986	Calvin	Jedrych	cjedrychrd@timesonline.co.uk	Male	625-17-2783	ddccd996-8664-43b4-b9f4-0e779043cb27
987	Ferd	Mortimer	fmortimerre@illinois.edu	Male	593-88-2014	a56a43a6-193f-422f-a8b7-b9f1999a10af
988	Teresina	King	tkingrf@fastcompany.com	Female	699-71-2194	7741bc47-e615-4381-9a66-828a38b36774
989	Lockwood	Jago	ljagorg@cloudflare.com	Male	853-38-7256	c692c60d-18de-4671-8ebd-e7851bf35740
990	Donna	Crosston	dcrosstonrh@narod.ru	Female	228-03-1822	35989888-787f-411f-aead-70c56b0127a8
991	Tarrance	Setch	tsetchri@netlog.com	Male	820-67-1584	1b394d10-f852-4c91-af32-33e2086e7edc
992	Matthaeus	Betty	mbettyrj@blogtalkradio.com	Male	430-85-3035	40dd29f5-a64a-4d24-9668-394b01a3cdf8
993	Shauna	Rahill	srahillrk@dailymail.co.uk	Female	568-96-2255	2d083a00-c5c7-405e-b3d4-b8afa263f183
994	Latrena	O'Dowgaine	lodowgainerl@howstuffworks.com	Female	359-99-9650	8e46391b-58c9-48c5-ba4e-60f964a5e622
995	Quintin	Swindell	qswindellrm@about.com	Male	704-82-7327	ecde5b98-e199-4ff5-bef4-d54611e31cca
996	Arden	Maxwale	amaxwalern@nps.gov	Female	265-69-1420	43436e77-dd23-421b-a33a-773c0fe3a5a9
997	Barclay	Crucetti	bcrucettiro@tripadvisor.com	Male	641-20-5313	98ca1501-52c1-4ebd-9503-64706d3f4630
998	Lissi	Fines	lfinesrp@meetup.com	Female	395-59-8563	0f252e07-decc-4e22-8071-c0706aad3e2d
999	Nanny	Pistol	npistolrq@amazon.co.uk	Female	654-30-0028	cd52d112-5920-4df0-a2a2-b7c169a6c757
1000	Alistair	Piddington	apiddingtonrr@ucsd.edu	Male	454-30-0971	57074a67-625a-442d-8ff7-af998463034b
